0     sand(%)     silt(%)     clay(%)
0    0    0    100
1    0    1    99
2    0    2    98
3    0    3    97
4    0    4    96
5    0    5    95
6    0    6    94
7    0    7    93
8    0    8    92
9    0    9    91
10    0    10    90
11    0    11    89
12    0    12    88
13    0    13    87
14    0    14    86
15    0    15    85
16    0    16    84
17    0    17    83
18    0    18    82
19    0    19    81
20    0    20    80
21    0    21    79
22    0    22    78
23    0    23    77
24    0    24    76
25    0    25    75
26    0    26    74
27    0    27    73
28    0    28    72
29    0    29    71
30    0    30    70
31    0    31    69
32    0    32    68
33    0    33    67
34    0    34    66
35    0    35    65
36    0    36    64
37    0    37    63
38    0    38    62
39    0    39    61
40    0    40    60
41    0    41    59
42    0    42    58
43    0    43    57
44    0    44    56
45    0    45    55
46    0    46    54
47    0    47    53
48    0    48    52
49    0    49    51
50    0    50    50
51    0    51    49
52    0    52    48
53    0    53    47
54    0    54    46
55    0    55    45
56    0    56    44
57    0    57    43
58    0    58    42
59    0    59    41
60    0    60    40
61    0    61    39
62    0    62    38
63    0    63    37
64    0    64    36
65    0    65    35
66    0    66    34
67    0    67    33
68    0    68    32
69    0    69    31
70    0    70    30
71    0    71    29
72    0    72    28
73    0    73    27
74    0    74    26
75    0    75    25
76    0    76    24
77    0    77    23
78    0    78    22
79    0    79    21
80    0    80    20
81    0    81    19
82    0    82    18
83    0    83    17
84    0    84    16
85    0    85    15
86    0    86    14
87    0    87    13
88    0    88    12
89    0    89    11
90    0    90    10
91    0    91    9
92    0    92    8
93    0    93    7
94    0    94    6
95    0    95    5
96    0    96    4
97    0    97    3
98    0    98    2
99    0    99    1
100    0    100    0
101    1    0    99
102    1    1    98
103    1    2    97
104    1    3    96
105    1    4    95
106    1    5    94
107    1    6    93
108    1    7    92
109    1    8    91
110    1    9    90
111    1    10    89
112    1    11    88
113    1    12    87
114    1    13    86
115    1    14    85
116    1    15    84
117    1    16    83
118    1    17    82
119    1    18    81
120    1    19    80
121    1    20    79
122    1    21    78
123    1    22    77
124    1    23    76
125    1    24    75
126    1    25    74
127    1    26    73
128    1    27    72
129    1    28    71
130    1    29    70
131    1    30    69
132    1    31    68
133    1    32    67
134    1    33    66
135    1    34    65
136    1    35    64
137    1    36    63
138    1    37    62
139    1    38    61
140    1    39    60
141    1    40    59
142    1    41    58
143    1    42    57
144    1    43    56
145    1    44    55
146    1    45    54
147    1    46    53
148    1    47    52
149    1    48    51
150    1    49    50
151    1    50    49
152    1    51    48
153    1    52    47
154    1    53    46
155    1    54    45
156    1    55    44
157    1    56    43
158    1    57    42
159    1    58    41
160    1    59    40
161    1    60    39
162    1    61    38
163    1    62    37
164    1    63    36
165    1    64    35
166    1    65    34
167    1    66    33
168    1    67    32
169    1    68    31
170    1    69    30
171    1    70    29
172    1    71    28
173    1    72    27
174    1    73    26
175    1    74    25
176    1    75    24
177    1    76    23
178    1    77    22
179    1    78    21
180    1    79    20
181    1    80    19
182    1    81    18
183    1    82    17
184    1    83    16
185    1    84    15
186    1    85    14
187    1    86    13
188    1    87    12
189    1    88    11
190    1    89    10
191    1    90    9
192    1    91    8
193    1    92    7
194    1    93    6
195    1    94    5
196    1    95    4
197    1    96    3
198    1    97    2
199    1    98    1
200    1    99    0
201    2    0    98
202    2    1    97
203    2    2    96
204    2    3    95
205    2    4    94
206    2    5    93
207    2    6    92
208    2    7    91
209    2    8    90
210    2    9    89
211    2    10    88
212    2    11    87
213    2    12    86
214    2    13    85
215    2    14    84
216    2    15    83
217    2    16    82
218    2    17    81
219    2    18    80
220    2    19    79
221    2    20    78
222    2    21    77
223    2    22    76
224    2    23    75
225    2    24    74
226    2    25    73
227    2    26    72
228    2    27    71
229    2    28    70
230    2    29    69
231    2    30    68
232    2    31    67
233    2    32    66
234    2    33    65
235    2    34    64
236    2    35    63
237    2    36    62
238    2    37    61
239    2    38    60
240    2    39    59
241    2    40    58
242    2    41    57
243    2    42    56
244    2    43    55
245    2    44    54
246    2    45    53
247    2    46    52
248    2    47    51
249    2    48    50
250    2    49    49
251    2    50    48
252    2    51    47
253    2    52    46
254    2    53    45
255    2    54    44
256    2    55    43
257    2    56    42
258    2    57    41
259    2    58    40
260    2    59    39
261    2    60    38
262    2    61    37
263    2    62    36
264    2    63    35
265    2    64    34
266    2    65    33
267    2    66    32
268    2    67    31
269    2    68    30
270    2    69    29
271    2    70    28
272    2    71    27
273    2    72    26
274    2    73    25
275    2    74    24
276    2    75    23
277    2    76    22
278    2    77    21
279    2    78    20
280    2    79    19
281    2    80    18
282    2    81    17
283    2    82    16
284    2    83    15
285    2    84    14
286    2    85    13
287    2    86    12
288    2    87    11
289    2    88    10
290    2    89    9
291    2    90    8
292    2    91    7
293    2    92    6
294    2    93    5
295    2    94    4
296    2    95    3
297    2    96    2
298    2    97    1
299    2    98    0
300    3    0    97
301    3    1    96
302    3    2    95
303    3    3    94
304    3    4    93
305    3    5    92
306    3    6    91
307    3    7    90
308    3    8    89
309    3    9    88
310    3    10    87
311    3    11    86
312    3    12    85
313    3    13    84
314    3    14    83
315    3    15    82
316    3    16    81
317    3    17    80
318    3    18    79
319    3    19    78
320    3    20    77
321    3    21    76
322    3    22    75
323    3    23    74
324    3    24    73
325    3    25    72
326    3    26    71
327    3    27    70
328    3    28    69
329    3    29    68
330    3    30    67
331    3    31    66
332    3    32    65
333    3    33    64
334    3    34    63
335    3    35    62
336    3    36    61
337    3    37    60
338    3    38    59
339    3    39    58
340    3    40    57
341    3    41    56
342    3    42    55
343    3    43    54
344    3    44    53
345    3    45    52
346    3    46    51
347    3    47    50
348    3    48    49
349    3    49    48
350    3    50    47
351    3    51    46
352    3    52    45
353    3    53    44
354    3    54    43
355    3    55    42
356    3    56    41
357    3    57    40
358    3    58    39
359    3    59    38
360    3    60    37
361    3    61    36
362    3    62    35
363    3    63    34
364    3    64    33
365    3    65    32
366    3    66    31
367    3    67    30
368    3    68    29
369    3    69    28
370    3    70    27
371    3    71    26
372    3    72    25
373    3    73    24
374    3    74    23
375    3    75    22
376    3    76    21
377    3    77    20
378    3    78    19
379    3    79    18
380    3    80    17
381    3    81    16
382    3    82    15
383    3    83    14
384    3    84    13
385    3    85    12
386    3    86    11
387    3    87    10
388    3    88    9
389    3    89    8
390    3    90    7
391    3    91    6
392    3    92    5
393    3    93    4
394    3    94    3
395    3    95    2
396    3    96    1
397    3    97    0
398    4    0    96
399    4    1    95
400    4    2    94
401    4    3    93
402    4    4    92
403    4    5    91
404    4    6    90
405    4    7    89
406    4    8    88
407    4    9    87
408    4    10    86
409    4    11    85
410    4    12    84
411    4    13    83
412    4    14    82
413    4    15    81
414    4    16    80
415    4    17    79
416    4    18    78
417    4    19    77
418    4    20    76
419    4    21    75
420    4    22    74
421    4    23    73
422    4    24    72
423    4    25    71
424    4    26    70
425    4    27    69
426    4    28    68
427    4    29    67
428    4    30    66
429    4    31    65
430    4    32    64
431    4    33    63
432    4    34    62
433    4    35    61
434    4    36    60
435    4    37    59
436    4    38    58
437    4    39    57
438    4    40    56
439    4    41    55
440    4    42    54
441    4    43    53
442    4    44    52
443    4    45    51
444    4    46    50
445    4    47    49
446    4    48    48
447    4    49    47
448    4    50    46
449    4    51    45
450    4    52    44
451    4    53    43
452    4    54    42
453    4    55    41
454    4    56    40
455    4    57    39
456    4    58    38
457    4    59    37
458    4    60    36
459    4    61    35
460    4    62    34
461    4    63    33
462    4    64    32
463    4    65    31
464    4    66    30
465    4    67    29
466    4    68    28
467    4    69    27
468    4    70    26
469    4    71    25
470    4    72    24
471    4    73    23
472    4    74    22
473    4    75    21
474    4    76    20
475    4    77    19
476    4    78    18
477    4    79    17
478    4    80    16
479    4    81    15
480    4    82    14
481    4    83    13
482    4    84    12
483    4    85    11
484    4    86    10
485    4    87    9
486    4    88    8
487    4    89    7
488    4    90    6
489    4    91    5
490    4    92    4
491    4    93    3
492    4    94    2
493    4    95    1
494    4    96    0
495    5    0    95
496    5    1    94
497    5    2    93
498    5    3    92
499    5    4    91
500    5    5    90
501    5    6    89
502    5    7    88
503    5    8    87
504    5    9    86
505    5    10    85
506    5    11    84
507    5    12    83
508    5    13    82
509    5    14    81
510    5    15    80
511    5    16    79
512    5    17    78
513    5    18    77
514    5    19    76
515    5    20    75
516    5    21    74
517    5    22    73
518    5    23    72
519    5    24    71
520    5    25    70
521    5    26    69
522    5    27    68
523    5    28    67
524    5    29    66
525    5    30    65
526    5    31    64
527    5    32    63
528    5    33    62
529    5    34    61
530    5    35    60
531    5    36    59
532    5    37    58
533    5    38    57
534    5    39    56
535    5    40    55
536    5    41    54
537    5    42    53
538    5    43    52
539    5    44    51
540    5    45    50
541    5    46    49
542    5    47    48
543    5    48    47
544    5    49    46
545    5    50    45
546    5    51    44
547    5    52    43
548    5    53    42
549    5    54    41
550    5    55    40
551    5    56    39
552    5    57    38
553    5    58    37
554    5    59    36
555    5    60    35
556    5    61    34
557    5    62    33
558    5    63    32
559    5    64    31
560    5    65    30
561    5    66    29
562    5    67    28
563    5    68    27
564    5    69    26
565    5    70    25
566    5    71    24
567    5    72    23
568    5    73    22
569    5    74    21
570    5    75    20
571    5    76    19
572    5    77    18
573    5    78    17
574    5    79    16
575    5    80    15
576    5    81    14
577    5    82    13
578    5    83    12
579    5    84    11
580    5    85    10
581    5    86    9
582    5    87    8
583    5    88    7
584    5    89    6
585    5    90    5
586    5    91    4
587    5    92    3
588    5    93    2
589    5    94    1
590    5    95    0
591    6    0    94
592    6    1    93
593    6    2    92
594    6    3    91
595    6    4    90
596    6    5    89
597    6    6    88
598    6    7    87
599    6    8    86
600    6    9    85
601    6    10    84
602    6    11    83
603    6    12    82
604    6    13    81
605    6    14    80
606    6    15    79
607    6    16    78
608    6    17    77
609    6    18    76
610    6    19    75
611    6    20    74
612    6    21    73
613    6    22    72
614    6    23    71
615    6    24    70
616    6    25    69
617    6    26    68
618    6    27    67
619    6    28    66
620    6    29    65
621    6    30    64
622    6    31    63
623    6    32    62
624    6    33    61
625    6    34    60
626    6    35    59
627    6    36    58
628    6    37    57
629    6    38    56
630    6    39    55
631    6    40    54
632    6    41    53
633    6    42    52
634    6    43    51
635    6    44    50
636    6    45    49
637    6    46    48
638    6    47    47
639    6    48    46
640    6    49    45
641    6    50    44
642    6    51    43
643    6    52    42
644    6    53    41
645    6    54    40
646    6    55    39
647    6    56    38
648    6    57    37
649    6    58    36
650    6    59    35
651    6    60    34
652    6    61    33
653    6    62    32
654    6    63    31
655    6    64    30
656    6    65    29
657    6    66    28
658    6    67    27
659    6    68    26
660    6    69    25
661    6    70    24
662    6    71    23
663    6    72    22
664    6    73    21
665    6    74    20
666    6    75    19
667    6    76    18
668    6    77    17
669    6    78    16
670    6    79    15
671    6    80    14
672    6    81    13
673    6    82    12
674    6    83    11
675    6    84    10
676    6    85    9
677    6    86    8
678    6    87    7
679    6    88    6
680    6    89    5
681    6    90    4
682    6    91    3
683    6    92    2
684    6    93    1
685    6    94    0
686    7    0    93
687    7    1    92
688    7    2    91
689    7    3    90
690    7    4    89
691    7    5    88
692    7    6    87
693    7    7    86
694    7    8    85
695    7    9    84
696    7    10    83
697    7    11    82
698    7    12    81
699    7    13    80
700    7    14    79
701    7    15    78
702    7    16    77
703    7    17    76
704    7    18    75
705    7    19    74
706    7    20    73
707    7    21    72
708    7    22    71
709    7    23    70
710    7    24    69
711    7    25    68
712    7    26    67
713    7    27    66
714    7    28    65
715    7    29    64
716    7    30    63
717    7    31    62
718    7    32    61
719    7    33    60
720    7    34    59
721    7    35    58
722    7    36    57
723    7    37    56
724    7    38    55
725    7    39    54
726    7    40    53
727    7    41    52
728    7    42    51
729    7    43    50
730    7    44    49
731    7    45    48
732    7    46    47
733    7    47    46
734    7    48    45
735    7    49    44
736    7    50    43
737    7    51    42
738    7    52    41
739    7    53    40
740    7    54    39
741    7    55    38
742    7    56    37
743    7    57    36
744    7    58    35
745    7    59    34
746    7    60    33
747    7    61    32
748    7    62    31
749    7    63    30
750    7    64    29
751    7    65    28
752    7    66    27
753    7    67    26
754    7    68    25
755    7    69    24
756    7    70    23
757    7    71    22
758    7    72    21
759    7    73    20
760    7    74    19
761    7    75    18
762    7    76    17
763    7    77    16
764    7    78    15
765    7    79    14
766    7    80    13
767    7    81    12
768    7    82    11
769    7    83    10
770    7    84    9
771    7    85    8
772    7    86    7
773    7    87    6
774    7    88    5
775    7    89    4
776    7    90    3
777    7    91    2
778    7    92    1
779    7    93    0
780    8    0    92
781    8    1    91
782    8    2    90
783    8    3    89
784    8    4    88
785    8    5    87
786    8    6    86
787    8    7    85
788    8    8    84
789    8    9    83
790    8    10    82
791    8    11    81
792    8    12    80
793    8    13    79
794    8    14    78
795    8    15    77
796    8    16    76
797    8    17    75
798    8    18    74
799    8    19    73
800    8    20    72
801    8    21    71
802    8    22    70
803    8    23    69
804    8    24    68
805    8    25    67
806    8    26    66
807    8    27    65
808    8    28    64
809    8    29    63
810    8    30    62
811    8    31    61
812    8    32    60
813    8    33    59
814    8    34    58
815    8    35    57
816    8    36    56
817    8    37    55
818    8    38    54
819    8    39    53
820    8    40    52
821    8    41    51
822    8    42    50
823    8    43    49
824    8    44    48
825    8    45    47
826    8    46    46
827    8    47    45
828    8    48    44
829    8    49    43
830    8    50    42
831    8    51    41
832    8    52    40
833    8    53    39
834    8    54    38
835    8    55    37
836    8    56    36
837    8    57    35
838    8    58    34
839    8    59    33
840    8    60    32
841    8    61    31
842    8    62    30
843    8    63    29
844    8    64    28
845    8    65    27
846    8    66    26
847    8    67    25
848    8    68    24
849    8    69    23
850    8    70    22
851    8    71    21
852    8    72    20
853    8    73    19
854    8    74    18
855    8    75    17
856    8    76    16
857    8    77    15
858    8    78    14
859    8    79    13
860    8    80    12
861    8    81    11
862    8    82    10
863    8    83    9
864    8    84    8
865    8    85    7
866    8    86    6
867    8    87    5
868    8    88    4
869    8    89    3
870    8    90    2
871    8    91    1
872    8    92    0
873    9    0    91
874    9    1    90
875    9    2    89
876    9    3    88
877    9    4    87
878    9    5    86
879    9    6    85
880    9    7    84
881    9    8    83
882    9    9    82
883    9    10    81
884    9    11    80
885    9    12    79
886    9    13    78
887    9    14    77
888    9    15    76
889    9    16    75
890    9    17    74
891    9    18    73
892    9    19    72
893    9    20    71
894    9    21    70
895    9    22    69
896    9    23    68
897    9    24    67
898    9    25    66
899    9    26    65
900    9    27    64
901    9    28    63
902    9    29    62
903    9    30    61
904    9    31    60
905    9    32    59
906    9    33    58
907    9    34    57
908    9    35    56
909    9    36    55
910    9    37    54
911    9    38    53
912    9    39    52
913    9    40    51
914    9    41    50
915    9    42    49
916    9    43    48
917    9    44    47
918    9    45    46
919    9    46    45
920    9    47    44
921    9    48    43
922    9    49    42
923    9    50    41
924    9    51    40
925    9    52    39
926    9    53    38
927    9    54    37
928    9    55    36
929    9    56    35
930    9    57    34
931    9    58    33
932    9    59    32
933    9    60    31
934    9    61    30
935    9    62    29
936    9    63    28
937    9    64    27
938    9    65    26
939    9    66    25
940    9    67    24
941    9    68    23
942    9    69    22
943    9    70    21
944    9    71    20
945    9    72    19
946    9    73    18
947    9    74    17
948    9    75    16
949    9    76    15
950    9    77    14
951    9    78    13
952    9    79    12
953    9    80    11
954    9    81    10
955    9    82    9
956    9    83    8
957    9    84    7
958    9    85    6
959    9    86    5
960    9    87    4
961    9    88    3
962    9    89    2
963    9    90    1
964    9    91    0
965   10   0   90
966   10   1   89
967   10   2   88
968   10   3   87
969   10   4   86
970   10   5   85
971   10   6   84
972   10   7   83
973   10   8   82
974   10   9   81
975   10   10   80
976   10   11   79
977   10   12   78
978   10   13   77
979   10   14   76
980   10   15   75
981   10   16   74
982   10   17   73
983   10   18   72
984   10   19   71
985   10   20   70
986   10   21   69
987   10   22   68
988   10   23   67
989   10   24   66
990   10   25   65
991   10   26   64
992   10   27   63
993   10   28   62
994   10   29   61
995   10   30   60
996   10   31   59
997   10   32   58
998   10   33   57
999   10   34   56
1000   10   35   55
1001   10   36   54
1002   10   37   53
1003   10   38   52
1004   10   39   51
1005   10   40   50
1006   10   41   49
1007   10   42   48
1008   10   43   47
1009   10   44   46
1010   10   45   45
1011   10   46   44
1012   10   47   43
1013   10   48   42
1014   10   49   41
1015   10   50   40
1016   10   51   39
1017   10   52   38
1018   10   53   37
1019   10   54   36
1020   10   55   35
1021   10   56   34
1022   10   57   33
1023   10   58   32
1024   10   59   31
1025   10   60   30
1026   10   61   29
1027   10   62   28
1028   10   63   27
1029   10   64   26
1030   10   65   25
1031   10   66   24
1032   10   67   23
1033   10   68   22
1034   10   69   21
1035   10   70   20
1036   10   71   19
1037   10   72   18
1038   10   73   17
1039   10   74   16
1040   10   75   15
1041   10   76   14
1042   10   77   13
1043   10   78   12
1044   10   79   11
1045   10   80   10
1046   10   81   9
1047   10   82   8
1048   10   83   7
1049   10   84   6
1050   10   85   5
1051   10   86   4
1052   10   87   3
1053   10   88   2
1054   10   89   1
1055   10   90   0
1056   11   0   89
1057   11   1   88
1058   11   2   87
1059   11   3   86
1060   11   4   85
1061   11   5   84
1062   11   6   83
1063   11   7   82
1064   11   8   81
1065   11   9   80
1066   11   10   79
1067   11   11   78
1068   11   12   77
1069   11   13   76
1070   11   14   75
1071   11   15   74
1072   11   16   73
1073   11   17   72
1074   11   18   71
1075   11   19   70
1076   11   20   69
1077   11   21   68
1078   11   22   67
1079   11   23   66
1080   11   24   65
1081   11   25   64
1082   11   26   63
1083   11   27   62
1084   11   28   61
1085   11   29   60
1086   11   30   59
1087   11   31   58
1088   11   32   57
1089   11   33   56
1090   11   34   55
1091   11   35   54
1092   11   36   53
1093   11   37   52
1094   11   38   51
1095   11   39   50
1096   11   40   49
1097   11   41   48
1098   11   42   47
1099   11   43   46
1100   11   44   45
1101   11   45   44
1102   11   46   43
1103   11   47   42
1104   11   48   41
1105   11   49   40
1106   11   50   39
1107   11   51   38
1108   11   52   37
1109   11   53   36
1110   11   54   35
1111   11   55   34
1112   11   56   33
1113   11   57   32
1114   11   58   31
1115   11   59   30
1116   11   60   29
1117   11   61   28
1118   11   62   27
1119   11   63   26
1120   11   64   25
1121   11   65   24
1122   11   66   23
1123   11   67   22
1124   11   68   21
1125   11   69   20
1126   11   70   19
1127   11   71   18
1128   11   72   17
1129   11   73   16
1130   11   74   15
1131   11   75   14
1132   11   76   13
1133   11   77   12
1134   11   78   11
1135   11   79   10
1136   11   80   9
1137   11   81   8
1138   11   82   7
1139   11   83   6
1140   11   84   5
1141   11   85   4
1142   11   86   3
1143   11   87   2
1144   11   88   1
1145   11   89   0
1146   12   0   88
1147   12   1   87
1148   12   2   86
1149   12   3   85
1150   12   4   84
1151   12   5   83
1152   12   6   82
1153   12   7   81
1154   12   8   80
1155   12   9   79
1156   12   10   78
1157   12   11   77
1158   12   12   76
1159   12   13   75
1160   12   14   74
1161   12   15   73
1162   12   16   72
1163   12   17   71
1164   12   18   70
1165   12   19   69
1166   12   20   68
1167   12   21   67
1168   12   22   66
1169   12   23   65
1170   12   24   64
1171   12   25   63
1172   12   26   62
1173   12   27   61
1174   12   28   60
1175   12   29   59
1176   12   30   58
1177   12   31   57
1178   12   32   56
1179   12   33   55
1180   12   34   54
1181   12   35   53
1182   12   36   52
1183   12   37   51
1184   12   38   50
1185   12   39   49
1186   12   40   48
1187   12   41   47
1188   12   42   46
1189   12   43   45
1190   12   44   44
1191   12   45   43
1192   12   46   42
1193   12   47   41
1194   12   48   40
1195   12   49   39
1196   12   50   38
1197   12   51   37
1198   12   52   36
1199   12   53   35
1200   12   54   34
1201   12   55   33
1202   12   56   32
1203   12   57   31
1204   12   58   30
1205   12   59   29
1206   12   60   28
1207   12   61   27
1208   12   62   26
1209   12   63   25
1210   12   64   24
1211   12   65   23
1212   12   66   22
1213   12   67   21
1214   12   68   20
1215   12   69   19
1216   12   70   18
1217   12   71   17
1218   12   72   16
1219   12   73   15
1220   12   74   14
1221   12   75   13
1222   12   76   12
1223   12   77   11
1224   12   78   10
1225   12   79   9
1226   12   80   8
1227   12   81   7
1228   12   82   6
1229   12   83   5
1230   12   84   4
1231   12   85   3
1232   12   86   2
1233   12   87   1
1234   12   88   0
1235   13   0   87
1236   13   1   86
1237   13   2   85
1238   13   3   84
1239   13   4   83
1240   13   5   82
1241   13   6   81
1242   13   7   80
1243   13   8   79
1244   13   9   78
1245   13   10   77
1246   13   11   76
1247   13   12   75
1248   13   13   74
1249   13   14   73
1250   13   15   72
1251   13   16   71
1252   13   17   70
1253   13   18   69
1254   13   19   68
1255   13   20   67
1256   13   21   66
1257   13   22   65
1258   13   23   64
1259   13   24   63
1260   13   25   62
1261   13   26   61
1262   13   27   60
1263   13   28   59
1264   13   29   58
1265   13   30   57
1266   13   31   56
1267   13   32   55
1268   13   33   54
1269   13   34   53
1270   13   35   52
1271   13   36   51
1272   13   37   50
1273   13   38   49
1274   13   39   48
1275   13   40   47
1276   13   41   46
1277   13   42   45
1278   13   43   44
1279   13   44   43
1280   13   45   42
1281   13   46   41
1282   13   47   40
1283   13   48   39
1284   13   49   38
1285   13   50   37
1286   13   51   36
1287   13   52   35
1288   13   53   34
1289   13   54   33
1290   13   55   32
1291   13   56   31
1292   13   57   30
1293   13   58   29
1294   13   59   28
1295   13   60   27
1296   13   61   26
1297   13   62   25
1298   13   63   24
1299   13   64   23
1300   13   65   22
1301   13   66   21
1302   13   67   20
1303   13   68   19
1304   13   69   18
1305   13   70   17
1306   13   71   16
1307   13   72   15
1308   13   73   14
1309   13   74   13
1310   13   75   12
1311   13   76   11
1312   13   77   10
1313   13   78   9
1314   13   79   8
1315   13   80   7
1316   13   81   6
1317   13   82   5
1318   13   83   4
1319   13   84   3
1320   13   85   2
1321   13   86   1
1322   13   87   0
1323   14   0   86
1324   14   1   85
1325   14   2   84
1326   14   3   83
1327   14   4   82
1328   14   5   81
1329   14   6   80
1330   14   7   79
1331   14   8   78
1332   14   9   77
1333   14   10   76
1334   14   11   75
1335   14   12   74
1336   14   13   73
1337   14   14   72
1338   14   15   71
1339   14   16   70
1340   14   17   69
1341   14   18   68
1342   14   19   67
1343   14   20   66
1344   14   21   65
1345   14   22   64
1346   14   23   63
1347   14   24   62
1348   14   25   61
1349   14   26   60
1350   14   27   59
1351   14   28   58
1352   14   29   57
1353   14   30   56
1354   14   31   55
1355   14   32   54
1356   14   33   53
1357   14   34   52
1358   14   35   51
1359   14   36   50
1360   14   37   49
1361   14   38   48
1362   14   39   47
1363   14   40   46
1364   14   41   45
1365   14   42   44
1366   14   43   43
1367   14   44   42
1368   14   45   41
1369   14   46   40
1370   14   47   39
1371   14   48   38
1372   14   49   37
1373   14   50   36
1374   14   51   35
1375   14   52   34
1376   14   53   33
1377   14   54   32
1378   14   55   31
1379   14   56   30
1380   14   57   29
1381   14   58   28
1382   14   59   27
1383   14   60   26
1384   14   61   25
1385   14   62   24
1386   14   63   23
1387   14   64   22
1388   14   65   21
1389   14   66   20
1390   14   67   19
1391   14   68   18
1392   14   69   17
1393   14   70   16
1394   14   71   15
1395   14   72   14
1396   14   73   13
1397   14   74   12
1398   14   75   11
1399   14   76   10
1400   14   77   9
1401   14   78   8
1402   14   79   7
1403   14   80   6
1404   14   81   5
1405   14   82   4
1406   14   83   3
1407   14   84   2
1408   14   85   1
1409   14   86   0
1410   15   0   85
1411   15   1   84
1412   15   2   83
1413   15   3   82
1414   15   4   81
1415   15   5   80
1416   15   6   79
1417   15   7   78
1418   15   8   77
1419   15   9   76
1420   15   10   75
1421   15   11   74
1422   15   12   73
1423   15   13   72
1424   15   14   71
1425   15   15   70
1426   15   16   69
1427   15   17   68
1428   15   18   67
1429   15   19   66
1430   15   20   65
1431   15   21   64
1432   15   22   63
1433   15   23   62
1434   15   24   61
1435   15   25   60
1436   15   26   59
1437   15   27   58
1438   15   28   57
1439   15   29   56
1440   15   30   55
1441   15   31   54
1442   15   32   53
1443   15   33   52
1444   15   34   51
1445   15   35   50
1446   15   36   49
1447   15   37   48
1448   15   38   47
1449   15   39   46
1450   15   40   45
1451   15   41   44
1452   15   42   43
1453   15   43   42
1454   15   44   41
1455   15   45   40
1456   15   46   39
1457   15   47   38
1458   15   48   37
1459   15   49   36
1460   15   50   35
1461   15   51   34
1462   15   52   33
1463   15   53   32
1464   15   54   31
1465   15   55   30
1466   15   56   29
1467   15   57   28
1468   15   58   27
1469   15   59   26
1470   15   60   25
1471   15   61   24
1472   15   62   23
1473   15   63   22
1474   15   64   21
1475   15   65   20
1476   15   66   19
1477   15   67   18
1478   15   68   17
1479   15   69   16
1480   15   70   15
1481   15   71   14
1482   15   72   13
1483   15   73   12
1484   15   74   11
1485   15   75   10
1486   15   76   9
1487   15   77   8
1488   15   78   7
1489   15   79   6
1490   15   80   5
1491   15   81   4
1492   15   82   3
1493   15   83   2
1494   15   84   1
1495   15   85   0
1496   16   0   84
1497   16   1   83
1498   16   2   82
1499   16   3   81
1500   16   4   80
1501   16   5   79
1502   16   6   78
1503   16   7   77
1504   16   8   76
1505   16   9   75
1506   16   10   74
1507   16   11   73
1508   16   12   72
1509   16   13   71
1510   16   14   70
1511   16   15   69
1512   16   16   68
1513   16   17   67
1514   16   18   66
1515   16   19   65
1516   16   20   64
1517   16   21   63
1518   16   22   62
1519   16   23   61
1520   16   24   60
1521   16   25   59
1522   16   26   58
1523   16   27   57
1524   16   28   56
1525   16   29   55
1526   16   30   54
1527   16   31   53
1528   16   32   52
1529   16   33   51
1530   16   34   50
1531   16   35   49
1532   16   36   48
1533   16   37   47
1534   16   38   46
1535   16   39   45
1536   16   40   44
1537   16   41   43
1538   16   42   42
1539   16   43   41
1540   16   44   40
1541   16   45   39
1542   16   46   38
1543   16   47   37
1544   16   48   36
1545   16   49   35
1546   16   50   34
1547   16   51   33
1548   16   52   32
1549   16   53   31
1550   16   54   30
1551   16   55   29
1552   16   56   28
1553   16   57   27
1554   16   58   26
1555   16   59   25
1556   16   60   24
1557   16   61   23
1558   16   62   22
1559   16   63   21
1560   16   64   20
1561   16   65   19
1562   16   66   18
1563   16   67   17
1564   16   68   16
1565   16   69   15
1566   16   70   14
1567   16   71   13
1568   16   72   12
1569   16   73   11
1570   16   74   10
1571   16   75   9
1572   16   76   8
1573   16   77   7
1574   16   78   6
1575   16   79   5
1576   16   80   4
1577   16   81   3
1578   16   82   2
1579   16   83   1
1580   16   84   0
1581   17   0   83
1582   17   1   82
1583   17   2   81
1584   17   3   80
1585   17   4   79
1586   17   5   78
1587   17   6   77
1588   17   7   76
1589   17   8   75
1590   17   9   74
1591   17   10   73
1592   17   11   72
1593   17   12   71
1594   17   13   70
1595   17   14   69
1596   17   15   68
1597   17   16   67
1598   17   17   66
1599   17   18   65
1600   17   19   64
1601   17   20   63
1602   17   21   62
1603   17   22   61
1604   17   23   60
1605   17   24   59
1606   17   25   58
1607   17   26   57
1608   17   27   56
1609   17   28   55
1610   17   29   54
1611   17   30   53
1612   17   31   52
1613   17   32   51
1614   17   33   50
1615   17   34   49
1616   17   35   48
1617   17   36   47
1618   17   37   46
1619   17   38   45
1620   17   39   44
1621   17   40   43
1622   17   41   42
1623   17   42   41
1624   17   43   40
1625   17   44   39
1626   17   45   38
1627   17   46   37
1628   17   47   36
1629   17   48   35
1630   17   49   34
1631   17   50   33
1632   17   51   32
1633   17   52   31
1634   17   53   30
1635   17   54   29
1636   17   55   28
1637   17   56   27
1638   17   57   26
1639   17   58   25
1640   17   59   24
1641   17   60   23
1642   17   61   22
1643   17   62   21
1644   17   63   20
1645   17   64   19
1646   17   65   18
1647   17   66   17
1648   17   67   16
1649   17   68   15
1650   17   69   14
1651   17   70   13
1652   17   71   12
1653   17   72   11
1654   17   73   10
1655   17   74   9
1656   17   75   8
1657   17   76   7
1658   17   77   6
1659   17   78   5
1660   17   79   4
1661   17   80   3
1662   17   81   2
1663   17   82   1
1664   17   83   0
1665   18   0   82
1666   18   1   81
1667   18   2   80
1668   18   3   79
1669   18   4   78
1670   18   5   77
1671   18   6   76
1672   18   7   75
1673   18   8   74
1674   18   9   73
1675   18   10   72
1676   18   11   71
1677   18   12   70
1678   18   13   69
1679   18   14   68
1680   18   15   67
1681   18   16   66
1682   18   17   65
1683   18   18   64
1684   18   19   63
1685   18   20   62
1686   18   21   61
1687   18   22   60
1688   18   23   59
1689   18   24   58
1690   18   25   57
1691   18   26   56
1692   18   27   55
1693   18   28   54
1694   18   29   53
1695   18   30   52
1696   18   31   51
1697   18   32   50
1698   18   33   49
1699   18   34   48
1700   18   35   47
1701   18   36   46
1702   18   37   45
1703   18   38   44
1704   18   39   43
1705   18   40   42
1706   18   41   41
1707   18   42   40
1708   18   43   39
1709   18   44   38
1710   18   45   37
1711   18   46   36
1712   18   47   35
1713   18   48   34
1714   18   49   33
1715   18   50   32
1716   18   51   31
1717   18   52   30
1718   18   53   29
1719   18   54   28
1720   18   55   27
1721   18   56   26
1722   18   57   25
1723   18   58   24
1724   18   59   23
1725   18   60   22
1726   18   61   21
1727   18   62   20
1728   18   63   19
1729   18   64   18
1730   18   65   17
1731   18   66   16
1732   18   67   15
1733   18   68   14
1734   18   69   13
1735   18   70   12
1736   18   71   11
1737   18   72   10
1738   18   73   9
1739   18   74   8
1740   18   75   7
1741   18   76   6
1742   18   77   5
1743   18   78   4
1744   18   79   3
1745   18   80   2
1746   18   81   1
1747   18   82   0
1748   19   0   81
1749   19   1   80
1750   19   2   79
1751   19   3   78
1752   19   4   77
1753   19   5   76
1754   19   6   75
1755   19   7   74
1756   19   8   73
1757   19   9   72
1758   19   10   71
1759   19   11   70
1760   19   12   69
1761   19   13   68
1762   19   14   67
1763   19   15   66
1764   19   16   65
1765   19   17   64
1766   19   18   63
1767   19   19   62
1768   19   20   61
1769   19   21   60
1770   19   22   59
1771   19   23   58
1772   19   24   57
1773   19   25   56
1774   19   26   55
1775   19   27   54
1776   19   28   53
1777   19   29   52
1778   19   30   51
1779   19   31   50
1780   19   32   49
1781   19   33   48
1782   19   34   47
1783   19   35   46
1784   19   36   45
1785   19   37   44
1786   19   38   43
1787   19   39   42
1788   19   40   41
1789   19   41   40
1790   19   42   39
1791   19   43   38
1792   19   44   37
1793   19   45   36
1794   19   46   35
1795   19   47   34
1796   19   48   33
1797   19   49   32
1798   19   50   31
1799   19   51   30
1800   19   52   29
1801   19   53   28
1802   19   54   27
1803   19   55   26
1804   19   56   25
1805   19   57   24
1806   19   58   23
1807   19   59   22
1808   19   60   21
1809   19   61   20
1810   19   62   19
1811   19   63   18
1812   19   64   17
1813   19   65   16
1814   19   66   15
1815   19   67   14
1816   19   68   13
1817   19   69   12
1818   19   70   11
1819   19   71   10
1820   19   72   9
1821   19   73   8
1822   19   74   7
1823   19   75   6
1824   19   76   5
1825   19   77   4
1826   19   78   3
1827   19   79   2
1828   19   80   1
1829   19   81   0
1830   20   0   80
1831   20   1   79
1832   20   2   78
1833   20   3   77
1834   20   4   76
1835   20   5   75
1836   20   6   74
1837   20   7   73
1838   20   8   72
1839   20   9   71
1840   20   10   70
1841   20   11   69
1842   20   12   68
1843   20   13   67
1844   20   14   66
1845   20   15   65
1846   20   16   64
1847   20   17   63
1848   20   18   62
1849   20   19   61
1850   20   20   60
1851   20   21   59
1852   20   22   58
1853   20   23   57
1854   20   24   56
1855   20   25   55
1856   20   26   54
1857   20   27   53
1858   20   28   52
1859   20   29   51
1860   20   30   50
1861   20   31   49
1862   20   32   48
1863   20   33   47
1864   20   34   46
1865   20   35   45
1866   20   36   44
1867   20   37   43
1868   20   38   42
1869   20   39   41
1870   20   40   40
1871   20   41   39
1872   20   42   38
1873   20   43   37
1874   20   44   36
1875   20   45   35
1876   20   46   34
1877   20   47   33
1878   20   48   32
1879   20   49   31
1880   20   50   30
1881   20   51   29
1882   20   52   28
1883   20   53   27
1884   20   54   26
1885   20   55   25
1886   20   56   24
1887   20   57   23
1888   20   58   22
1889   20   59   21
1890   20   60   20
1891   20   61   19
1892   20   62   18
1893   20   63   17
1894   20   64   16
1895   20   65   15
1896   20   66   14
1897   20   67   13
1898   20   68   12
1899   20   69   11
1900   20   70   10
1901   20   71   9
1902   20   72   8
1903   20   73   7
1904   20   74   6
1905   20   75   5
1906   20   76   4
1907   20   77   3
1908   20   78   2
1909   20   79   1
1910   20   80   0
1911   21   0   79
1912   21   1   78
1913   21   2   77
1914   21   3   76
1915   21   4   75
1916   21   5   74
1917   21   6   73
1918   21   7   72
1919   21   8   71
1920   21   9   70
1921   21   10   69
1922   21   11   68
1923   21   12   67
1924   21   13   66
1925   21   14   65
1926   21   15   64
1927   21   16   63
1928   21   17   62
1929   21   18   61
1930   21   19   60
1931   21   20   59
1932   21   21   58
1933   21   22   57
1934   21   23   56
1935   21   24   55
1936   21   25   54
1937   21   26   53
1938   21   27   52
1939   21   28   51
1940   21   29   50
1941   21   30   49
1942   21   31   48
1943   21   32   47
1944   21   33   46
1945   21   34   45
1946   21   35   44
1947   21   36   43
1948   21   37   42
1949   21   38   41
1950   21   39   40
1951   21   40   39
1952   21   41   38
1953   21   42   37
1954   21   43   36
1955   21   44   35
1956   21   45   34
1957   21   46   33
1958   21   47   32
1959   21   48   31
1960   21   49   30
1961   21   50   29
1962   21   51   28
1963   21   52   27
1964   21   53   26
1965   21   54   25
1966   21   55   24
1967   21   56   23
1968   21   57   22
1969   21   58   21
1970   21   59   20
1971   21   60   19
1972   21   61   18
1973   21   62   17
1974   21   63   16
1975   21   64   15
1976   21   65   14
1977   21   66   13
1978   21   67   12
1979   21   68   11
1980   21   69   10
1981   21   70   9
1982   21   71   8
1983   21   72   7
1984   21   73   6
1985   21   74   5
1986   21   75   4
1987   21   76   3
1988   21   77   2
1989   21   78   1
1990   21   79   0
1991   22   0   78
1992   22   1   77
1993   22   2   76
1994   22   3   75
1995   22   4   74
1996   22   5   73
1997   22   6   72
1998   22   7   71
1999   22   8   70
2000   22   9   69
2001   22   10   68
2002   22   11   67
2003   22   12   66
2004   22   13   65
2005   22   14   64
2006   22   15   63
2007   22   16   62
2008   22   17   61
2009   22   18   60
2010   22   19   59
2011   22   20   58
2012   22   21   57
2013   22   22   56
2014   22   23   55
2015   22   24   54
2016   22   25   53
2017   22   26   52
2018   22   27   51
2019   22   28   50
2020   22   29   49
2021   22   30   48
2022   22   31   47
2023   22   32   46
2024   22   33   45
2025   22   34   44
2026   22   35   43
2027   22   36   42
2028   22   37   41
2029   22   38   40
2030   22   39   39
2031   22   40   38
2032   22   41   37
2033   22   42   36
2034   22   43   35
2035   22   44   34
2036   22   45   33
2037   22   46   32
2038   22   47   31
2039   22   48   30
2040   22   49   29
2041   22   50   28
2042   22   51   27
2043   22   52   26
2044   22   53   25
2045   22   54   24
2046   22   55   23
2047   22   56   22
2048   22   57   21
2049   22   58   20
2050   22   59   19
2051   22   60   18
2052   22   61   17
2053   22   62   16
2054   22   63   15
2055   22   64   14
2056   22   65   13
2057   22   66   12
2058   22   67   11
2059   22   68   10
2060   22   69   9
2061   22   70   8
2062   22   71   7
2063   22   72   6
2064   22   73   5
2065   22   74   4
2066   22   75   3
2067   22   76   2
2068   22   77   1
2069   22   78   0
2070   23   0   77
2071   23   1   76
2072   23   2   75
2073   23   3   74
2074   23   4   73
2075   23   5   72
2076   23   6   71
2077   23   7   70
2078   23   8   69
2079   23   9   68
2080   23   10   67
2081   23   11   66
2082   23   12   65
2083   23   13   64
2084   23   14   63
2085   23   15   62
2086   23   16   61
2087   23   17   60
2088   23   18   59
2089   23   19   58
2090   23   20   57
2091   23   21   56
2092   23   22   55
2093   23   23   54
2094   23   24   53
2095   23   25   52
2096   23   26   51
2097   23   27   50
2098   23   28   49
2099   23   29   48
2100   23   30   47
2101   23   31   46
2102   23   32   45
2103   23   33   44
2104   23   34   43
2105   23   35   42
2106   23   36   41
2107   23   37   40
2108   23   38   39
2109   23   39   38
2110   23   40   37
2111   23   41   36
2112   23   42   35
2113   23   43   34
2114   23   44   33
2115   23   45   32
2116   23   46   31
2117   23   47   30
2118   23   48   29
2119   23   49   28
2120   23   50   27
2121   23   51   26
2122   23   52   25
2123   23   53   24
2124   23   54   23
2125   23   55   22
2126   23   56   21
2127   23   57   20
2128   23   58   19
2129   23   59   18
2130   23   60   17
2131   23   61   16
2132   23   62   15
2133   23   63   14
2134   23   64   13
2135   23   65   12
2136   23   66   11
2137   23   67   10
2138   23   68   9
2139   23   69   8
2140   23   70   7
2141   23   71   6
2142   23   72   5
2143   23   73   4
2144   23   74   3
2145   23   75   2
2146   23   76   1
2147   23   77   0
2148   24   0   76
2149   24   1   75
2150   24   2   74
2151   24   3   73
2152   24   4   72
2153   24   5   71
2154   24   6   70
2155   24   7   69
2156   24   8   68
2157   24   9   67
2158   24   10   66
2159   24   11   65
2160   24   12   64
2161   24   13   63
2162   24   14   62
2163   24   15   61
2164   24   16   60
2165   24   17   59
2166   24   18   58
2167   24   19   57
2168   24   20   56
2169   24   21   55
2170   24   22   54
2171   24   23   53
2172   24   24   52
2173   24   25   51
2174   24   26   50
2175   24   27   49
2176   24   28   48
2177   24   29   47
2178   24   30   46
2179   24   31   45
2180   24   32   44
2181   24   33   43
2182   24   34   42
2183   24   35   41
2184   24   36   40
2185   24   37   39
2186   24   38   38
2187   24   39   37
2188   24   40   36
2189   24   41   35
2190   24   42   34
2191   24   43   33
2192   24   44   32
2193   24   45   31
2194   24   46   30
2195   24   47   29
2196   24   48   28
2197   24   49   27
2198   24   50   26
2199   24   51   25
2200   24   52   24
2201   24   53   23
2202   24   54   22
2203   24   55   21
2204   24   56   20
2205   24   57   19
2206   24   58   18
2207   24   59   17
2208   24   60   16
2209   24   61   15
2210   24   62   14
2211   24   63   13
2212   24   64   12
2213   24   65   11
2214   24   66   10
2215   24   67   9
2216   24   68   8
2217   24   69   7
2218   24   70   6
2219   24   71   5
2220   24   72   4
2221   24   73   3
2222   24   74   2
2223   24   75   1
2224   24   76   0
2225   25   0   75
2226   25   1   74
2227   25   2   73
2228   25   3   72
2229   25   4   71
2230   25   5   70
2231   25   6   69
2232   25   7   68
2233   25   8   67
2234   25   9   66
2235   25   10   65
2236   25   11   64
2237   25   12   63
2238   25   13   62
2239   25   14   61
2240   25   15   60
2241   25   16   59
2242   25   17   58
2243   25   18   57
2244   25   19   56
2245   25   20   55
2246   25   21   54
2247   25   22   53
2248   25   23   52
2249   25   24   51
2250   25   25   50
2251   25   26   49
2252   25   27   48
2253   25   28   47
2254   25   29   46
2255   25   30   45
2256   25   31   44
2257   25   32   43
2258   25   33   42
2259   25   34   41
2260   25   35   40
2261   25   36   39
2262   25   37   38
2263   25   38   37
2264   25   39   36
2265   25   40   35
2266   25   41   34
2267   25   42   33
2268   25   43   32
2269   25   44   31
2270   25   45   30
2271   25   46   29
2272   25   47   28
2273   25   48   27
2274   25   49   26
2275   25   50   25
2276   25   51   24
2277   25   52   23
2278   25   53   22
2279   25   54   21
2280   25   55   20
2281   25   56   19
2282   25   57   18
2283   25   58   17
2284   25   59   16
2285   25   60   15
2286   25   61   14
2287   25   62   13
2288   25   63   12
2289   25   64   11
2290   25   65   10
2291   25   66   9
2292   25   67   8
2293   25   68   7
2294   25   69   6
2295   25   70   5
2296   25   71   4
2297   25   72   3
2298   25   73   2
2299   25   74   1
2300   25   75   0
2301   26   0   74
2302   26   1   73
2303   26   2   72
2304   26   3   71
2305   26   4   70
2306   26   5   69
2307   26   6   68
2308   26   7   67
2309   26   8   66
2310   26   9   65
2311   26   10   64
2312   26   11   63
2313   26   12   62
2314   26   13   61
2315   26   14   60
2316   26   15   59
2317   26   16   58
2318   26   17   57
2319   26   18   56
2320   26   19   55
2321   26   20   54
2322   26   21   53
2323   26   22   52
2324   26   23   51
2325   26   24   50
2326   26   25   49
2327   26   26   48
2328   26   27   47
2329   26   28   46
2330   26   29   45
2331   26   30   44
2332   26   31   43
2333   26   32   42
2334   26   33   41
2335   26   34   40
2336   26   35   39
2337   26   36   38
2338   26   37   37
2339   26   38   36
2340   26   39   35
2341   26   40   34
2342   26   41   33
2343   26   42   32
2344   26   43   31
2345   26   44   30
2346   26   45   29
2347   26   46   28
2348   26   47   27
2349   26   48   26
2350   26   49   25
2351   26   50   24
2352   26   51   23
2353   26   52   22
2354   26   53   21
2355   26   54   20
2356   26   55   19
2357   26   56   18
2358   26   57   17
2359   26   58   16
2360   26   59   15
2361   26   60   14
2362   26   61   13
2363   26   62   12
2364   26   63   11
2365   26   64   10
2366   26   65   9
2367   26   66   8
2368   26   67   7
2369   26   68   6
2370   26   69   5
2371   26   70   4
2372   26   71   3
2373   26   72   2
2374   26   73   1
2375   26   74   0
2376   27   0   73
2377   27   1   72
2378   27   2   71
2379   27   3   70
2380   27   4   69
2381   27   5   68
2382   27   6   67
2383   27   7   66
2384   27   8   65
2385   27   9   64
2386   27   10   63
2387   27   11   62
2388   27   12   61
2389   27   13   60
2390   27   14   59
2391   27   15   58
2392   27   16   57
2393   27   17   56
2394   27   18   55
2395   27   19   54
2396   27   20   53
2397   27   21   52
2398   27   22   51
2399   27   23   50
2400   27   24   49
2401   27   25   48
2402   27   26   47
2403   27   27   46
2404   27   28   45
2405   27   29   44
2406   27   30   43
2407   27   31   42
2408   27   32   41
2409   27   33   40
2410   27   34   39
2411   27   35   38
2412   27   36   37
2413   27   37   36
2414   27   38   35
2415   27   39   34
2416   27   40   33
2417   27   41   32
2418   27   42   31
2419   27   43   30
2420   27   44   29
2421   27   45   28
2422   27   46   27
2423   27   47   26
2424   27   48   25
2425   27   49   24
2426   27   50   23
2427   27   51   22
2428   27   52   21
2429   27   53   20
2430   27   54   19
2431   27   55   18
2432   27   56   17
2433   27   57   16
2434   27   58   15
2435   27   59   14
2436   27   60   13
2437   27   61   12
2438   27   62   11
2439   27   63   10
2440   27   64   9
2441   27   65   8
2442   27   66   7
2443   27   67   6
2444   27   68   5
2445   27   69   4
2446   27   70   3
2447   27   71   2
2448   27   72   1
2449   27   73   0
2450   28   0   72
2451   28   1   71
2452   28   2   70
2453   28   3   69
2454   28   4   68
2455   28   5   67
2456   28   6   66
2457   28   7   65
2458   28   8   64
2459   28   9   63
2460   28   10   62
2461   28   11   61
2462   28   12   60
2463   28   13   59
2464   28   14   58
2465   28   15   57
2466   28   16   56
2467   28   17   55
2468   28   18   54
2469   28   19   53
2470   28   20   52
2471   28   21   51
2472   28   22   50
2473   28   23   49
2474   28   24   48
2475   28   25   47
2476   28   26   46
2477   28   27   45
2478   28   28   44
2479   28   29   43
2480   28   30   42
2481   28   31   41
2482   28   32   40
2483   28   33   39
2484   28   34   38
2485   28   35   37
2486   28   36   36
2487   28   37   35
2488   28   38   34
2489   28   39   33
2490   28   40   32
2491   28   41   31
2492   28   42   30
2493   28   43   29
2494   28   44   28
2495   28   45   27
2496   28   46   26
2497   28   47   25
2498   28   48   24
2499   28   49   23
2500   28   50   22
2501   28   51   21
2502   28   52   20
2503   28   53   19
2504   28   54   18
2505   28   55   17
2506   28   56   16
2507   28   57   15
2508   28   58   14
2509   28   59   13
2510   28   60   12
2511   28   61   11
2512   28   62   10
2513   28   63   9
2514   28   64   8
2515   28   65   7
2516   28   66   6
2517   28   67   5
2518   28   68   4
2519   28   69   3
2520   28   70   2
2521   28   71   1
2522   28   72   0
2523   29   0   71
2524   29   1   70
2525   29   2   69
2526   29   3   68
2527   29   4   67
2528   29   5   66
2529   29   6   65
2530   29   7   64
2531   29   8   63
2532   29   9   62
2533   29   10   61
2534   29   11   60
2535   29   12   59
2536   29   13   58
2537   29   14   57
2538   29   15   56
2539   29   16   55
2540   29   17   54
2541   29   18   53
2542   29   19   52
2543   29   20   51
2544   29   21   50
2545   29   22   49
2546   29   23   48
2547   29   24   47
2548   29   25   46
2549   29   26   45
2550   29   27   44
2551   29   28   43
2552   29   29   42
2553   29   30   41
2554   29   31   40
2555   29   32   39
2556   29   33   38
2557   29   34   37
2558   29   35   36
2559   29   36   35
2560   29   37   34
2561   29   38   33
2562   29   39   32
2563   29   40   31
2564   29   41   30
2565   29   42   29
2566   29   43   28
2567   29   44   27
2568   29   45   26
2569   29   46   25
2570   29   47   24
2571   29   48   23
2572   29   49   22
2573   29   50   21
2574   29   51   20
2575   29   52   19
2576   29   53   18
2577   29   54   17
2578   29   55   16
2579   29   56   15
2580   29   57   14
2581   29   58   13
2582   29   59   12
2583   29   60   11
2584   29   61   10
2585   29   62   9
2586   29   63   8
2587   29   64   7
2588   29   65   6
2589   29   66   5
2590   29   67   4
2591   29   68   3
2592   29   69   2
2593   29   70   1
2594   29   71   0
2595   30   0   70
2596   30   1   69
2597   30   2   68
2598   30   3   67
2599   30   4   66
2600   30   5   65
2601   30   6   64
2602   30   7   63
2603   30   8   62
2604   30   9   61
2605   30   10   60
2606   30   11   59
2607   30   12   58
2608   30   13   57
2609   30   14   56
2610   30   15   55
2611   30   16   54
2612   30   17   53
2613   30   18   52
2614   30   19   51
2615   30   20   50
2616   30   21   49
2617   30   22   48
2618   30   23   47
2619   30   24   46
2620   30   25   45
2621   30   26   44
2622   30   27   43
2623   30   28   42
2624   30   29   41
2625   30   30   40
2626   30   31   39
2627   30   32   38
2628   30   33   37
2629   30   34   36
2630   30   35   35
2631   30   36   34
2632   30   37   33
2633   30   38   32
2634   30   39   31
2635   30   40   30
2636   30   41   29
2637   30   42   28
2638   30   43   27
2639   30   44   26
2640   30   45   25
2641   30   46   24
2642   30   47   23
2643   30   48   22
2644   30   49   21
2645   30   50   20
2646   30   51   19
2647   30   52   18
2648   30   53   17
2649   30   54   16
2650   30   55   15
2651   30   56   14
2652   30   57   13
2653   30   58   12
2654   30   59   11
2655   30   60   10
2656   30   61   9
2657   30   62   8
2658   30   63   7
2659   30   64   6
2660   30   65   5
2661   30   66   4
2662   30   67   3
2663   30   68   2
2664   30   69   1
2665   30   70   0
2666   31   0   69
2667   31   1   68
2668   31   2   67
2669   31   3   66
2670   31   4   65
2671   31   5   64
2672   31   6   63
2673   31   7   62
2674   31   8   61
2675   31   9   60
2676   31   10   59
2677   31   11   58
2678   31   12   57
2679   31   13   56
2680   31   14   55
2681   31   15   54
2682   31   16   53
2683   31   17   52
2684   31   18   51
2685   31   19   50
2686   31   20   49
2687   31   21   48
2688   31   22   47
2689   31   23   46
2690   31   24   45
2691   31   25   44
2692   31   26   43
2693   31   27   42
2694   31   28   41
2695   31   29   40
2696   31   30   39
2697   31   31   38
2698   31   32   37
2699   31   33   36
2700   31   34   35
2701   31   35   34
2702   31   36   33
2703   31   37   32
2704   31   38   31
2705   31   39   30
2706   31   40   29
2707   31   41   28
2708   31   42   27
2709   31   43   26
2710   31   44   25
2711   31   45   24
2712   31   46   23
2713   31   47   22
2714   31   48   21
2715   31   49   20
2716   31   50   19
2717   31   51   18
2718   31   52   17
2719   31   53   16
2720   31   54   15
2721   31   55   14
2722   31   56   13
2723   31   57   12
2724   31   58   11
2725   31   59   10
2726   31   60   9
2727   31   61   8
2728   31   62   7
2729   31   63   6
2730   31   64   5
2731   31   65   4
2732   31   66   3
2733   31   67   2
2734   31   68   1
2735   31   69   0
2736   32   0   68
2737   32   1   67
2738   32   2   66
2739   32   3   65
2740   32   4   64
2741   32   5   63
2742   32   6   62
2743   32   7   61
2744   32   8   60
2745   32   9   59
2746   32   10   58
2747   32   11   57
2748   32   12   56
2749   32   13   55
2750   32   14   54
2751   32   15   53
2752   32   16   52
2753   32   17   51
2754   32   18   50
2755   32   19   49
2756   32   20   48
2757   32   21   47
2758   32   22   46
2759   32   23   45
2760   32   24   44
2761   32   25   43
2762   32   26   42
2763   32   27   41
2764   32   28   40
2765   32   29   39
2766   32   30   38
2767   32   31   37
2768   32   32   36
2769   32   33   35
2770   32   34   34
2771   32   35   33
2772   32   36   32
2773   32   37   31
2774   32   38   30
2775   32   39   29
2776   32   40   28
2777   32   41   27
2778   32   42   26
2779   32   43   25
2780   32   44   24
2781   32   45   23
2782   32   46   22
2783   32   47   21
2784   32   48   20
2785   32   49   19
2786   32   50   18
2787   32   51   17
2788   32   52   16
2789   32   53   15
2790   32   54   14
2791   32   55   13
2792   32   56   12
2793   32   57   11
2794   32   58   10
2795   32   59   9
2796   32   60   8
2797   32   61   7
2798   32   62   6
2799   32   63   5
2800   32   64   4
2801   32   65   3
2802   32   66   2
2803   32   67   1
2804   32   68   0
2805   33   0   67
2806   33   1   66
2807   33   2   65
2808   33   3   64
2809   33   4   63
2810   33   5   62
2811   33   6   61
2812   33   7   60
2813   33   8   59
2814   33   9   58
2815   33   10   57
2816   33   11   56
2817   33   12   55
2818   33   13   54
2819   33   14   53
2820   33   15   52
2821   33   16   51
2822   33   17   50
2823   33   18   49
2824   33   19   48
2825   33   20   47
2826   33   21   46
2827   33   22   45
2828   33   23   44
2829   33   24   43
2830   33   25   42
2831   33   26   41
2832   33   27   40
2833   33   28   39
2834   33   29   38
2835   33   30   37
2836   33   31   36
2837   33   32   35
2838   33   33   34
2839   33   34   33
2840   33   35   32
2841   33   36   31
2842   33   37   30
2843   33   38   29
2844   33   39   28
2845   33   40   27
2846   33   41   26
2847   33   42   25
2848   33   43   24
2849   33   44   23
2850   33   45   22
2851   33   46   21
2852   33   47   20
2853   33   48   19
2854   33   49   18
2855   33   50   17
2856   33   51   16
2857   33   52   15
2858   33   53   14
2859   33   54   13
2860   33   55   12
2861   33   56   11
2862   33   57   10
2863   33   58   9
2864   33   59   8
2865   33   60   7
2866   33   61   6
2867   33   62   5
2868   33   63   4
2869   33   64   3
2870   33   65   2
2871   33   66   1
2872   33   67   0
2873   34   0   66
2874   34   1   65
2875   34   2   64
2876   34   3   63
2877   34   4   62
2878   34   5   61
2879   34   6   60
2880   34   7   59
2881   34   8   58
2882   34   9   57
2883   34   10   56
2884   34   11   55
2885   34   12   54
2886   34   13   53
2887   34   14   52
2888   34   15   51
2889   34   16   50
2890   34   17   49
2891   34   18   48
2892   34   19   47
2893   34   20   46
2894   34   21   45
2895   34   22   44
2896   34   23   43
2897   34   24   42
2898   34   25   41
2899   34   26   40
2900   34   27   39
2901   34   28   38
2902   34   29   37
2903   34   30   36
2904   34   31   35
2905   34   32   34
2906   34   33   33
2907   34   34   32
2908   34   35   31
2909   34   36   30
2910   34   37   29
2911   34   38   28
2912   34   39   27
2913   34   40   26
2914   34   41   25
2915   34   42   24
2916   34   43   23
2917   34   44   22
2918   34   45   21
2919   34   46   20
2920   34   47   19
2921   34   48   18
2922   34   49   17
2923   34   50   16
2924   34   51   15
2925   34   52   14
2926   34   53   13
2927   34   54   12
2928   34   55   11
2929   34   56   10
2930   34   57   9
2931   34   58   8
2932   34   59   7
2933   34   60   6
2934   34   61   5
2935   34   62   4
2936   34   63   3
2937   34   64   2
2938   34   65   1
2939   34   66   0
2940   35   0   65
2941   35   1   64
2942   35   2   63
2943   35   3   62
2944   35   4   61
2945   35   5   60
2946   35   6   59
2947   35   7   58
2948   35   8   57
2949   35   9   56
2950   35   10   55
2951   35   11   54
2952   35   12   53
2953   35   13   52
2954   35   14   51
2955   35   15   50
2956   35   16   49
2957   35   17   48
2958   35   18   47
2959   35   19   46
2960   35   20   45
2961   35   21   44
2962   35   22   43
2963   35   23   42
2964   35   24   41
2965   35   25   40
2966   35   26   39
2967   35   27   38
2968   35   28   37
2969   35   29   36
2970   35   30   35
2971   35   31   34
2972   35   32   33
2973   35   33   32
2974   35   34   31
2975   35   35   30
2976   35   36   29
2977   35   37   28
2978   35   38   27
2979   35   39   26
2980   35   40   25
2981   35   41   24
2982   35   42   23
2983   35   43   22
2984   35   44   21
2985   35   45   20
2986   35   46   19
2987   35   47   18
2988   35   48   17
2989   35   49   16
2990   35   50   15
2991   35   51   14
2992   35   52   13
2993   35   53   12
2994   35   54   11
2995   35   55   10
2996   35   56   9
2997   35   57   8
2998   35   58   7
2999   35   59   6
3000   35   60   5
3001   35   61   4
3002   35   62   3
3003   35   63   2
3004   35   64   1
3005   35   65   0
3006   36   0   64
3007   36   1   63
3008   36   2   62
3009   36   3   61
3010   36   4   60
3011   36   5   59
3012   36   6   58
3013   36   7   57
3014   36   8   56
3015   36   9   55
3016   36   10   54
3017   36   11   53
3018   36   12   52
3019   36   13   51
3020   36   14   50
3021   36   15   49
3022   36   16   48
3023   36   17   47
3024   36   18   46
3025   36   19   45
3026   36   20   44
3027   36   21   43
3028   36   22   42
3029   36   23   41
3030   36   24   40
3031   36   25   39
3032   36   26   38
3033   36   27   37
3034   36   28   36
3035   36   29   35
3036   36   30   34
3037   36   31   33
3038   36   32   32
3039   36   33   31
3040   36   34   30
3041   36   35   29
3042   36   36   28
3043   36   37   27
3044   36   38   26
3045   36   39   25
3046   36   40   24
3047   36   41   23
3048   36   42   22
3049   36   43   21
3050   36   44   20
3051   36   45   19
3052   36   46   18
3053   36   47   17
3054   36   48   16
3055   36   49   15
3056   36   50   14
3057   36   51   13
3058   36   52   12
3059   36   53   11
3060   36   54   10
3061   36   55   9
3062   36   56   8
3063   36   57   7
3064   36   58   6
3065   36   59   5
3066   36   60   4
3067   36   61   3
3068   36   62   2
3069   36   63   1
3070   36   64   0
3071   37   0   63
3072   37   1   62
3073   37   2   61
3074   37   3   60
3075   37   4   59
3076   37   5   58
3077   37   6   57
3078   37   7   56
3079   37   8   55
3080   37   9   54
3081   37   10   53
3082   37   11   52
3083   37   12   51
3084   37   13   50
3085   37   14   49
3086   37   15   48
3087   37   16   47
3088   37   17   46
3089   37   18   45
3090   37   19   44
3091   37   20   43
3092   37   21   42
3093   37   22   41
3094   37   23   40
3095   37   24   39
3096   37   25   38
3097   37   26   37
3098   37   27   36
3099   37   28   35
3100   37   29   34
3101   37   30   33
3102   37   31   32
3103   37   32   31
3104   37   33   30
3105   37   34   29
3106   37   35   28
3107   37   36   27
3108   37   37   26
3109   37   38   25
3110   37   39   24
3111   37   40   23
3112   37   41   22
3113   37   42   21
3114   37   43   20
3115   37   44   19
3116   37   45   18
3117   37   46   17
3118   37   47   16
3119   37   48   15
3120   37   49   14
3121   37   50   13
3122   37   51   12
3123   37   52   11
3124   37   53   10
3125   37   54   9
3126   37   55   8
3127   37   56   7
3128   37   57   6
3129   37   58   5
3130   37   59   4
3131   37   60   3
3132   37   61   2
3133   37   62   1
3134   37   63   0
3135   38   0   62
3136   38   1   61
3137   38   2   60
3138   38   3   59
3139   38   4   58
3140   38   5   57
3141   38   6   56
3142   38   7   55
3143   38   8   54
3144   38   9   53
3145   38   10   52
3146   38   11   51
3147   38   12   50
3148   38   13   49
3149   38   14   48
3150   38   15   47
3151   38   16   46
3152   38   17   45
3153   38   18   44
3154   38   19   43
3155   38   20   42
3156   38   21   41
3157   38   22   40
3158   38   23   39
3159   38   24   38
3160   38   25   37
3161   38   26   36
3162   38   27   35
3163   38   28   34
3164   38   29   33
3165   38   30   32
3166   38   31   31
3167   38   32   30
3168   38   33   29
3169   38   34   28
3170   38   35   27
3171   38   36   26
3172   38   37   25
3173   38   38   24
3174   38   39   23
3175   38   40   22
3176   38   41   21
3177   38   42   20
3178   38   43   19
3179   38   44   18
3180   38   45   17
3181   38   46   16
3182   38   47   15
3183   38   48   14
3184   38   49   13
3185   38   50   12
3186   38   51   11
3187   38   52   10
3188   38   53   9
3189   38   54   8
3190   38   55   7
3191   38   56   6
3192   38   57   5
3193   38   58   4
3194   38   59   3
3195   38   60   2
3196   38   61   1
3197   38   62   0
3198   39   0   61
3199   39   1   60
3200   39   2   59
3201   39   3   58
3202   39   4   57
3203   39   5   56
3204   39   6   55
3205   39   7   54
3206   39   8   53
3207   39   9   52
3208   39   10   51
3209   39   11   50
3210   39   12   49
3211   39   13   48
3212   39   14   47
3213   39   15   46
3214   39   16   45
3215   39   17   44
3216   39   18   43
3217   39   19   42
3218   39   20   41
3219   39   21   40
3220   39   22   39
3221   39   23   38
3222   39   24   37
3223   39   25   36
3224   39   26   35
3225   39   27   34
3226   39   28   33
3227   39   29   32
3228   39   30   31
3229   39   31   30
3230   39   32   29
3231   39   33   28
3232   39   34   27
3233   39   35   26
3234   39   36   25
3235   39   37   24
3236   39   38   23
3237   39   39   22
3238   39   40   21
3239   39   41   20
3240   39   42   19
3241   39   43   18
3242   39   44   17
3243   39   45   16
3244   39   46   15
3245   39   47   14
3246   39   48   13
3247   39   49   12
3248   39   50   11
3249   39   51   10
3250   39   52   9
3251   39   53   8
3252   39   54   7
3253   39   55   6
3254   39   56   5
3255   39   57   4
3256   39   58   3
3257   39   59   2
3258   39   60   1
3259   39   61   0
3260   40   0   60
3261   40   1   59
3262   40   2   58
3263   40   3   57
3264   40   4   56
3265   40   5   55
3266   40   6   54
3267   40   7   53
3268   40   8   52
3269   40   9   51
3270   40   10   50
3271   40   11   49
3272   40   12   48
3273   40   13   47
3274   40   14   46
3275   40   15   45
3276   40   16   44
3277   40   17   43
3278   40   18   42
3279   40   19   41
3280   40   20   40
3281   40   21   39
3282   40   22   38
3283   40   23   37
3284   40   24   36
3285   40   25   35
3286   40   26   34
3287   40   27   33
3288   40   28   32
3289   40   29   31
3290   40   30   30
3291   40   31   29
3292   40   32   28
3293   40   33   27
3294   40   34   26
3295   40   35   25
3296   40   36   24
3297   40   37   23
3298   40   38   22
3299   40   39   21
3300   40   40   20
3301   40   41   19
3302   40   42   18
3303   40   43   17
3304   40   44   16
3305   40   45   15
3306   40   46   14
3307   40   47   13
3308   40   48   12
3309   40   49   11
3310   40   50   10
3311   40   51   9
3312   40   52   8
3313   40   53   7
3314   40   54   6
3315   40   55   5
3316   40   56   4
3317   40   57   3
3318   40   58   2
3319   40   59   1
3320   40   60   0
3321   41   0   59
3322   41   1   58
3323   41   2   57
3324   41   3   56
3325   41   4   55
3326   41   5   54
3327   41   6   53
3328   41   7   52
3329   41   8   51
3330   41   9   50
3331   41   10   49
3332   41   11   48
3333   41   12   47
3334   41   13   46
3335   41   14   45
3336   41   15   44
3337   41   16   43
3338   41   17   42
3339   41   18   41
3340   41   19   40
3341   41   20   39
3342   41   21   38
3343   41   22   37
3344   41   23   36
3345   41   24   35
3346   41   25   34
3347   41   26   33
3348   41   27   32
3349   41   28   31
3350   41   29   30
3351   41   30   29
3352   41   31   28
3353   41   32   27
3354   41   33   26
3355   41   34   25
3356   41   35   24
3357   41   36   23
3358   41   37   22
3359   41   38   21
3360   41   39   20
3361   41   40   19
3362   41   41   18
3363   41   42   17
3364   41   43   16
3365   41   44   15
3366   41   45   14
3367   41   46   13
3368   41   47   12
3369   41   48   11
3370   41   49   10
3371   41   50   9
3372   41   51   8
3373   41   52   7
3374   41   53   6
3375   41   54   5
3376   41   55   4
3377   41   56   3
3378   41   57   2
3379   41   58   1
3380   41   59   0
3381   42   0   58
3382   42   1   57
3383   42   2   56
3384   42   3   55
3385   42   4   54
3386   42   5   53
3387   42   6   52
3388   42   7   51
3389   42   8   50
3390   42   9   49
3391   42   10   48
3392   42   11   47
3393   42   12   46
3394   42   13   45
3395   42   14   44
3396   42   15   43
3397   42   16   42
3398   42   17   41
3399   42   18   40
3400   42   19   39
3401   42   20   38
3402   42   21   37
3403   42   22   36
3404   42   23   35
3405   42   24   34
3406   42   25   33
3407   42   26   32
3408   42   27   31
3409   42   28   30
3410   42   29   29
3411   42   30   28
3412   42   31   27
3413   42   32   26
3414   42   33   25
3415   42   34   24
3416   42   35   23
3417   42   36   22
3418   42   37   21
3419   42   38   20
3420   42   39   19
3421   42   40   18
3422   42   41   17
3423   42   42   16
3424   42   43   15
3425   42   44   14
3426   42   45   13
3427   42   46   12
3428   42   47   11
3429   42   48   10
3430   42   49   9
3431   42   50   8
3432   42   51   7
3433   42   52   6
3434   42   53   5
3435   42   54   4
3436   42   55   3
3437   42   56   2
3438   42   57   1
3439   42   58   0
3440   43   0   57
3441   43   1   56
3442   43   2   55
3443   43   3   54
3444   43   4   53
3445   43   5   52
3446   43   6   51
3447   43   7   50
3448   43   8   49
3449   43   9   48
3450   43   10   47
3451   43   11   46
3452   43   12   45
3453   43   13   44
3454   43   14   43
3455   43   15   42
3456   43   16   41
3457   43   17   40
3458   43   18   39
3459   43   19   38
3460   43   20   37
3461   43   21   36
3462   43   22   35
3463   43   23   34
3464   43   24   33
3465   43   25   32
3466   43   26   31
3467   43   27   30
3468   43   28   29
3469   43   29   28
3470   43   30   27
3471   43   31   26
3472   43   32   25
3473   43   33   24
3474   43   34   23
3475   43   35   22
3476   43   36   21
3477   43   37   20
3478   43   38   19
3479   43   39   18
3480   43   40   17
3481   43   41   16
3482   43   42   15
3483   43   43   14
3484   43   44   13
3485   43   45   12
3486   43   46   11
3487   43   47   10
3488   43   48   9
3489   43   49   8
3490   43   50   7
3491   43   51   6
3492   43   52   5
3493   43   53   4
3494   43   54   3
3495   43   55   2
3496   43   56   1
3497   43   57   0
3498   44   0   56
3499   44   1   55
3500   44   2   54
3501   44   3   53
3502   44   4   52
3503   44   5   51
3504   44   6   50
3505   44   7   49
3506   44   8   48
3507   44   9   47
3508   44   10   46
3509   44   11   45
3510   44   12   44
3511   44   13   43
3512   44   14   42
3513   44   15   41
3514   44   16   40
3515   44   17   39
3516   44   18   38
3517   44   19   37
3518   44   20   36
3519   44   21   35
3520   44   22   34
3521   44   23   33
3522   44   24   32
3523   44   25   31
3524   44   26   30
3525   44   27   29
3526   44   28   28
3527   44   29   27
3528   44   30   26
3529   44   31   25
3530   44   32   24
3531   44   33   23
3532   44   34   22
3533   44   35   21
3534   44   36   20
3535   44   37   19
3536   44   38   18
3537   44   39   17
3538   44   40   16
3539   44   41   15
3540   44   42   14
3541   44   43   13
3542   44   44   12
3543   44   45   11
3544   44   46   10
3545   44   47   9
3546   44   48   8
3547   44   49   7
3548   44   50   6
3549   44   51   5
3550   44   52   4
3551   44   53   3
3552   44   54   2
3553   44   55   1
3554   44   56   0
3555   45   0   55
3556   45   1   54
3557   45   2   53
3558   45   3   52
3559   45   4   51
3560   45   5   50
3561   45   6   49
3562   45   7   48
3563   45   8   47
3564   45   9   46
3565   45   10   45
3566   45   11   44
3567   45   12   43
3568   45   13   42
3569   45   14   41
3570   45   15   40
3571   45   16   39
3572   45   17   38
3573   45   18   37
3574   45   19   36
3575   45   20   35
3576   45   21   34
3577   45   22   33
3578   45   23   32
3579   45   24   31
3580   45   25   30
3581   45   26   29
3582   45   27   28
3583   45   28   27
3584   45   29   26
3585   45   30   25
3586   45   31   24
3587   45   32   23
3588   45   33   22
3589   45   34   21
3590   45   35   20
3591   45   36   19
3592   45   37   18
3593   45   38   17
3594   45   39   16
3595   45   40   15
3596   45   41   14
3597   45   42   13
3598   45   43   12
3599   45   44   11
3600   45   45   10
3601   45   46   9
3602   45   47   8
3603   45   48   7
3604   45   49   6
3605   45   50   5
3606   45   51   4
3607   45   52   3
3608   45   53   2
3609   45   54   1
3610   45   55   0
3611   46   0   54
3612   46   1   53
3613   46   2   52
3614   46   3   51
3615   46   4   50
3616   46   5   49
3617   46   6   48
3618   46   7   47
3619   46   8   46
3620   46   9   45
3621   46   10   44
3622   46   11   43
3623   46   12   42
3624   46   13   41
3625   46   14   40
3626   46   15   39
3627   46   16   38
3628   46   17   37
3629   46   18   36
3630   46   19   35
3631   46   20   34
3632   46   21   33
3633   46   22   32
3634   46   23   31
3635   46   24   30
3636   46   25   29
3637   46   26   28
3638   46   27   27
3639   46   28   26
3640   46   29   25
3641   46   30   24
3642   46   31   23
3643   46   32   22
3644   46   33   21
3645   46   34   20
3646   46   35   19
3647   46   36   18
3648   46   37   17
3649   46   38   16
3650   46   39   15
3651   46   40   14
3652   46   41   13
3653   46   42   12
3654   46   43   11
3655   46   44   10
3656   46   45   9
3657   46   46   8
3658   46   47   7
3659   46   48   6
3660   46   49   5
3661   46   50   4
3662   46   51   3
3663   46   52   2
3664   46   53   1
3665   46   54   0
3666   47   0   53
3667   47   1   52
3668   47   2   51
3669   47   3   50
3670   47   4   49
3671   47   5   48
3672   47   6   47
3673   47   7   46
3674   47   8   45
3675   47   9   44
3676   47   10   43
3677   47   11   42
3678   47   12   41
3679   47   13   40
3680   47   14   39
3681   47   15   38
3682   47   16   37
3683   47   17   36
3684   47   18   35
3685   47   19   34
3686   47   20   33
3687   47   21   32
3688   47   22   31
3689   47   23   30
3690   47   24   29
3691   47   25   28
3692   47   26   27
3693   47   27   26
3694   47   28   25
3695   47   29   24
3696   47   30   23
3697   47   31   22
3698   47   32   21
3699   47   33   20
3700   47   34   19
3701   47   35   18
3702   47   36   17
3703   47   37   16
3704   47   38   15
3705   47   39   14
3706   47   40   13
3707   47   41   12
3708   47   42   11
3709   47   43   10
3710   47   44   9
3711   47   45   8
3712   47   46   7
3713   47   47   6
3714   47   48   5
3715   47   49   4
3716   47   50   3
3717   47   51   2
3718   47   52   1
3719   47   53   0
3720   48   0   52
3721   48   1   51
3722   48   2   50
3723   48   3   49
3724   48   4   48
3725   48   5   47
3726   48   6   46
3727   48   7   45
3728   48   8   44
3729   48   9   43
3730   48   10   42
3731   48   11   41
3732   48   12   40
3733   48   13   39
3734   48   14   38
3735   48   15   37
3736   48   16   36
3737   48   17   35
3738   48   18   34
3739   48   19   33
3740   48   20   32
3741   48   21   31
3742   48   22   30
3743   48   23   29
3744   48   24   28
3745   48   25   27
3746   48   26   26
3747   48   27   25
3748   48   28   24
3749   48   29   23
3750   48   30   22
3751   48   31   21
3752   48   32   20
3753   48   33   19
3754   48   34   18
3755   48   35   17
3756   48   36   16
3757   48   37   15
3758   48   38   14
3759   48   39   13
3760   48   40   12
3761   48   41   11
3762   48   42   10
3763   48   43   9
3764   48   44   8
3765   48   45   7
3766   48   46   6
3767   48   47   5
3768   48   48   4
3769   48   49   3
3770   48   50   2
3771   48   51   1
3772   48   52   0
3773   49   0   51
3774   49   1   50
3775   49   2   49
3776   49   3   48
3777   49   4   47
3778   49   5   46
3779   49   6   45
3780   49   7   44
3781   49   8   43
3782   49   9   42
3783   49   10   41
3784   49   11   40
3785   49   12   39
3786   49   13   38
3787   49   14   37
3788   49   15   36
3789   49   16   35
3790   49   17   34
3791   49   18   33
3792   49   19   32
3793   49   20   31
3794   49   21   30
3795   49   22   29
3796   49   23   28
3797   49   24   27
3798   49   25   26
3799   49   26   25
3800   49   27   24
3801   49   28   23
3802   49   29   22
3803   49   30   21
3804   49   31   20
3805   49   32   19
3806   49   33   18
3807   49   34   17
3808   49   35   16
3809   49   36   15
3810   49   37   14
3811   49   38   13
3812   49   39   12
3813   49   40   11
3814   49   41   10
3815   49   42   9
3816   49   43   8
3817   49   44   7
3818   49   45   6
3819   49   46   5
3820   49   47   4
3821   49   48   3
3822   49   49   2
3823   49   50   1
3824   49   51   0
3825   50   0   50
3826   50   1   49
3827   50   2   48
3828   50   3   47
3829   50   4   46
3830   50   5   45
3831   50   6   44
3832   50   7   43
3833   50   8   42
3834   50   9   41
3835   50   10   40
3836   50   11   39
3837   50   12   38
3838   50   13   37
3839   50   14   36
3840   50   15   35
3841   50   16   34
3842   50   17   33
3843   50   18   32
3844   50   19   31
3845   50   20   30
3846   50   21   29
3847   50   22   28
3848   50   23   27
3849   50   24   26
3850   50   25   25
3851   50   26   24
3852   50   27   23
3853   50   28   22
3854   50   29   21
3855   50   30   20
3856   50   31   19
3857   50   32   18
3858   50   33   17
3859   50   34   16
3860   50   35   15
3861   50   36   14
3862   50   37   13
3863   50   38   12
3864   50   39   11
3865   50   40   10
3866   50   41   9
3867   50   42   8
3868   50   43   7
3869   50   44   6
3870   50   45   5
3871   50   46   4
3872   50   47   3
3873   50   48   2
3874   50   49   1
3875   50   50   0
3876   51   0   49
3877   51   1   48
3878   51   2   47
3879   51   3   46
3880   51   4   45
3881   51   5   44
3882   51   6   43
3883   51   7   42
3884   51   8   41
3885   51   9   40
3886   51   10   39
3887   51   11   38
3888   51   12   37
3889   51   13   36
3890   51   14   35
3891   51   15   34
3892   51   16   33
3893   51   17   32
3894   51   18   31
3895   51   19   30
3896   51   20   29
3897   51   21   28
3898   51   22   27
3899   51   23   26
3900   51   24   25
3901   51   25   24
3902   51   26   23
3903   51   27   22
3904   51   28   21
3905   51   29   20
3906   51   30   19
3907   51   31   18
3908   51   32   17
3909   51   33   16
3910   51   34   15
3911   51   35   14
3912   51   36   13
3913   51   37   12
3914   51   38   11
3915   51   39   10
3916   51   40   9
3917   51   41   8
3918   51   42   7
3919   51   43   6
3920   51   44   5
3921   51   45   4
3922   51   46   3
3923   51   47   2
3924   51   48   1
3925   51   49   0
3926   52   0   48
3927   52   1   47
3928   52   2   46
3929   52   3   45
3930   52   4   44
3931   52   5   43
3932   52   6   42
3933   52   7   41
3934   52   8   40
3935   52   9   39
3936   52   10   38
3937   52   11   37
3938   52   12   36
3939   52   13   35
3940   52   14   34
3941   52   15   33
3942   52   16   32
3943   52   17   31
3944   52   18   30
3945   52   19   29
3946   52   20   28
3947   52   21   27
3948   52   22   26
3949   52   23   25
3950   52   24   24
3951   52   25   23
3952   52   26   22
3953   52   27   21
3954   52   28   20
3955   52   29   19
3956   52   30   18
3957   52   31   17
3958   52   32   16
3959   52   33   15
3960   52   34   14
3961   52   35   13
3962   52   36   12
3963   52   37   11
3964   52   38   10
3965   52   39   9
3966   52   40   8
3967   52   41   7
3968   52   42   6
3969   52   43   5
3970   52   44   4
3971   52   45   3
3972   52   46   2
3973   52   47   1
3974   52   48   0
3975   53   0   47
3976   53   1   46
3977   53   2   45
3978   53   3   44
3979   53   4   43
3980   53   5   42
3981   53   6   41
3982   53   7   40
3983   53   8   39
3984   53   9   38
3985   53   10   37
3986   53   11   36
3987   53   12   35
3988   53   13   34
3989   53   14   33
3990   53   15   32
3991   53   16   31
3992   53   17   30
3993   53   18   29
3994   53   19   28
3995   53   20   27
3996   53   21   26
3997   53   22   25
3998   53   23   24
3999   53   24   23
4000   53   25   22
4001   53   26   21
4002   53   27   20
4003   53   28   19
4004   53   29   18
4005   53   30   17
4006   53   31   16
4007   53   32   15
4008   53   33   14
4009   53   34   13
4010   53   35   12
4011   53   36   11
4012   53   37   10
4013   53   38   9
4014   53   39   8
4015   53   40   7
4016   53   41   6
4017   53   42   5
4018   53   43   4
4019   53   44   3
4020   53   45   2
4021   53   46   1
4022   53   47   0
4023   54   0   46
4024   54   1   45
4025   54   2   44
4026   54   3   43
4027   54   4   42
4028   54   5   41
4029   54   6   40
4030   54   7   39
4031   54   8   38
4032   54   9   37
4033   54   10   36
4034   54   11   35
4035   54   12   34
4036   54   13   33
4037   54   14   32
4038   54   15   31
4039   54   16   30
4040   54   17   29
4041   54   18   28
4042   54   19   27
4043   54   20   26
4044   54   21   25
4045   54   22   24
4046   54   23   23
4047   54   24   22
4048   54   25   21
4049   54   26   20
4050   54   27   19
4051   54   28   18
4052   54   29   17
4053   54   30   16
4054   54   31   15
4055   54   32   14
4056   54   33   13
4057   54   34   12
4058   54   35   11
4059   54   36   10
4060   54   37   9
4061   54   38   8
4062   54   39   7
4063   54   40   6
4064   54   41   5
4065   54   42   4
4066   54   43   3
4067   54   44   2
4068   54   45   1
4069   54   46   0
4070   55   0   45
4071   55   1   44
4072   55   2   43
4073   55   3   42
4074   55   4   41
4075   55   5   40
4076   55   6   39
4077   55   7   38
4078   55   8   37
4079   55   9   36
4080   55   10   35
4081   55   11   34
4082   55   12   33
4083   55   13   32
4084   55   14   31
4085   55   15   30
4086   55   16   29
4087   55   17   28
4088   55   18   27
4089   55   19   26
4090   55   20   25
4091   55   21   24
4092   55   22   23
4093   55   23   22
4094   55   24   21
4095   55   25   20
4096   55   26   19
4097   55   27   18
4098   55   28   17
4099   55   29   16
4100   55   30   15
4101   55   31   14
4102   55   32   13
4103   55   33   12
4104   55   34   11
4105   55   35   10
4106   55   36   9
4107   55   37   8
4108   55   38   7
4109   55   39   6
4110   55   40   5
4111   55   41   4
4112   55   42   3
4113   55   43   2
4114   55   44   1
4115   55   45   0
4116   56   0   44
4117   56   1   43
4118   56   2   42
4119   56   3   41
4120   56   4   40
4121   56   5   39
4122   56   6   38
4123   56   7   37
4124   56   8   36
4125   56   9   35
4126   56   10   34
4127   56   11   33
4128   56   12   32
4129   56   13   31
4130   56   14   30
4131   56   15   29
4132   56   16   28
4133   56   17   27
4134   56   18   26
4135   56   19   25
4136   56   20   24
4137   56   21   23
4138   56   22   22
4139   56   23   21
4140   56   24   20
4141   56   25   19
4142   56   26   18
4143   56   27   17
4144   56   28   16
4145   56   29   15
4146   56   30   14
4147   56   31   13
4148   56   32   12
4149   56   33   11
4150   56   34   10
4151   56   35   9
4152   56   36   8
4153   56   37   7
4154   56   38   6
4155   56   39   5
4156   56   40   4
4157   56   41   3
4158   56   42   2
4159   56   43   1
4160   56   44   0
4161   57   0   43
4162   57   1   42
4163   57   2   41
4164   57   3   40
4165   57   4   39
4166   57   5   38
4167   57   6   37
4168   57   7   36
4169   57   8   35
4170   57   9   34
4171   57   10   33
4172   57   11   32
4173   57   12   31
4174   57   13   30
4175   57   14   29
4176   57   15   28
4177   57   16   27
4178   57   17   26
4179   57   18   25
4180   57   19   24
4181   57   20   23
4182   57   21   22
4183   57   22   21
4184   57   23   20
4185   57   24   19
4186   57   25   18
4187   57   26   17
4188   57   27   16
4189   57   28   15
4190   57   29   14
4191   57   30   13
4192   57   31   12
4193   57   32   11
4194   57   33   10
4195   57   34   9
4196   57   35   8
4197   57   36   7
4198   57   37   6
4199   57   38   5
4200   57   39   4
4201   57   40   3
4202   57   41   2
4203   57   42   1
4204   57   43   0
4205   58   0   42
4206   58   1   41
4207   58   2   40
4208   58   3   39
4209   58   4   38
4210   58   5   37
4211   58   6   36
4212   58   7   35
4213   58   8   34
4214   58   9   33
4215   58   10   32
4216   58   11   31
4217   58   12   30
4218   58   13   29
4219   58   14   28
4220   58   15   27
4221   58   16   26
4222   58   17   25
4223   58   18   24
4224   58   19   23
4225   58   20   22
4226   58   21   21
4227   58   22   20
4228   58   23   19
4229   58   24   18
4230   58   25   17
4231   58   26   16
4232   58   27   15
4233   58   28   14
4234   58   29   13
4235   58   30   12
4236   58   31   11
4237   58   32   10
4238   58   33   9
4239   58   34   8
4240   58   35   7
4241   58   36   6
4242   58   37   5
4243   58   38   4
4244   58   39   3
4245   58   40   2
4246   58   41   1
4247   58   42   0
4248   59   0   41
4249   59   1   40
4250   59   2   39
4251   59   3   38
4252   59   4   37
4253   59   5   36
4254   59   6   35
4255   59   7   34
4256   59   8   33
4257   59   9   32
4258   59   10   31
4259   59   11   30
4260   59   12   29
4261   59   13   28
4262   59   14   27
4263   59   15   26
4264   59   16   25
4265   59   17   24
4266   59   18   23
4267   59   19   22
4268   59   20   21
4269   59   21   20
4270   59   22   19
4271   59   23   18
4272   59   24   17
4273   59   25   16
4274   59   26   15
4275   59   27   14
4276   59   28   13
4277   59   29   12
4278   59   30   11
4279   59   31   10
4280   59   32   9
4281   59   33   8
4282   59   34   7
4283   59   35   6
4284   59   36   5
4285   59   37   4
4286   59   38   3
4287   59   39   2
4288   59   40   1
4289   59   41   0
4290   60   0   40
4291   60   1   39
4292   60   2   38
4293   60   3   37
4294   60   4   36
4295   60   5   35
4296   60   6   34
4297   60   7   33
4298   60   8   32
4299   60   9   31
4300   60   10   30
4301   60   11   29
4302   60   12   28
4303   60   13   27
4304   60   14   26
4305   60   15   25
4306   60   16   24
4307   60   17   23
4308   60   18   22
4309   60   19   21
4310   60   20   20
4311   60   21   19
4312   60   22   18
4313   60   23   17
4314   60   24   16
4315   60   25   15
4316   60   26   14
4317   60   27   13
4318   60   28   12
4319   60   29   11
4320   60   30   10
4321   60   31   9
4322   60   32   8
4323   60   33   7
4324   60   34   6
4325   60   35   5
4326   60   36   4
4327   60   37   3
4328   60   38   2
4329   60   39   1
4330   60   40   0
4331   61   0   39
4332   61   1   38
4333   61   2   37
4334   61   3   36
4335   61   4   35
4336   61   5   34
4337   61   6   33
4338   61   7   32
4339   61   8   31
4340   61   9   30
4341   61   10   29
4342   61   11   28
4343   61   12   27
4344   61   13   26
4345   61   14   25
4346   61   15   24
4347   61   16   23
4348   61   17   22
4349   61   18   21
4350   61   19   20
4351   61   20   19
4352   61   21   18
4353   61   22   17
4354   61   23   16
4355   61   24   15
4356   61   25   14
4357   61   26   13
4358   61   27   12
4359   61   28   11
4360   61   29   10
4361   61   30   9
4362   61   31   8
4363   61   32   7
4364   61   33   6
4365   61   34   5
4366   61   35   4
4367   61   36   3
4368   61   37   2
4369   61   38   1
4370   61   39   0
4371   62   0   38
4372   62   1   37
4373   62   2   36
4374   62   3   35
4375   62   4   34
4376   62   5   33
4377   62   6   32
4378   62   7   31
4379   62   8   30
4380   62   9   29
4381   62   10   28
4382   62   11   27
4383   62   12   26
4384   62   13   25
4385   62   14   24
4386   62   15   23
4387   62   16   22
4388   62   17   21
4389   62   18   20
4390   62   19   19
4391   62   20   18
4392   62   21   17
4393   62   22   16
4394   62   23   15
4395   62   24   14
4396   62   25   13
4397   62   26   12
4398   62   27   11
4399   62   28   10
4400   62   29   9
4401   62   30   8
4402   62   31   7
4403   62   32   6
4404   62   33   5
4405   62   34   4
4406   62   35   3
4407   62   36   2
4408   62   37   1
4409   62   38   0
4410   63   0   37
4411   63   1   36
4412   63   2   35
4413   63   3   34
4414   63   4   33
4415   63   5   32
4416   63   6   31
4417   63   7   30
4418   63   8   29
4419   63   9   28
4420   63   10   27
4421   63   11   26
4422   63   12   25
4423   63   13   24
4424   63   14   23
4425   63   15   22
4426   63   16   21
4427   63   17   20
4428   63   18   19
4429   63   19   18
4430   63   20   17
4431   63   21   16
4432   63   22   15
4433   63   23   14
4434   63   24   13
4435   63   25   12
4436   63   26   11
4437   63   27   10
4438   63   28   9
4439   63   29   8
4440   63   30   7
4441   63   31   6
4442   63   32   5
4443   63   33   4
4444   63   34   3
4445   63   35   2
4446   63   36   1
4447   63   37   0
4448   64   0   36
4449   64   1   35
4450   64   2   34
4451   64   3   33
4452   64   4   32
4453   64   5   31
4454   64   6   30
4455   64   7   29
4456   64   8   28
4457   64   9   27
4458   64   10   26
4459   64   11   25
4460   64   12   24
4461   64   13   23
4462   64   14   22
4463   64   15   21
4464   64   16   20
4465   64   17   19
4466   64   18   18
4467   64   19   17
4468   64   20   16
4469   64   21   15
4470   64   22   14
4471   64   23   13
4472   64   24   12
4473   64   25   11
4474   64   26   10
4475   64   27   9
4476   64   28   8
4477   64   29   7
4478   64   30   6
4479   64   31   5
4480   64   32   4
4481   64   33   3
4482   64   34   2
4483   64   35   1
4484   64   36   0
4485   65   0   35
4486   65   1   34
4487   65   2   33
4488   65   3   32
4489   65   4   31
4490   65   5   30
4491   65   6   29
4492   65   7   28
4493   65   8   27
4494   65   9   26
4495   65   10   25
4496   65   11   24
4497   65   12   23
4498   65   13   22
4499   65   14   21
4500   65   15   20
4501   65   16   19
4502   65   17   18
4503   65   18   17
4504   65   19   16
4505   65   20   15
4506   65   21   14
4507   65   22   13
4508   65   23   12
4509   65   24   11
4510   65   25   10
4511   65   26   9
4512   65   27   8
4513   65   28   7
4514   65   29   6
4515   65   30   5
4516   65   31   4
4517   65   32   3
4518   65   33   2
4519   65   34   1
4520   65   35   0
4521   66   0   34
4522   66   1   33
4523   66   2   32
4524   66   3   31
4525   66   4   30
4526   66   5   29
4527   66   6   28
4528   66   7   27
4529   66   8   26
4530   66   9   25
4531   66   10   24
4532   66   11   23
4533   66   12   22
4534   66   13   21
4535   66   14   20
4536   66   15   19
4537   66   16   18
4538   66   17   17
4539   66   18   16
4540   66   19   15
4541   66   20   14
4542   66   21   13
4543   66   22   12
4544   66   23   11
4545   66   24   10
4546   66   25   9
4547   66   26   8
4548   66   27   7
4549   66   28   6
4550   66   29   5
4551   66   30   4
4552   66   31   3
4553   66   32   2
4554   66   33   1
4555   66   34   0
4556   67   0   33
4557   67   1   32
4558   67   2   31
4559   67   3   30
4560   67   4   29
4561   67   5   28
4562   67   6   27
4563   67   7   26
4564   67   8   25
4565   67   9   24
4566   67   10   23
4567   67   11   22
4568   67   12   21
4569   67   13   20
4570   67   14   19
4571   67   15   18
4572   67   16   17
4573   67   17   16
4574   67   18   15
4575   67   19   14
4576   67   20   13
4577   67   21   12
4578   67   22   11
4579   67   23   10
4580   67   24   9
4581   67   25   8
4582   67   26   7
4583   67   27   6
4584   67   28   5
4585   67   29   4
4586   67   30   3
4587   67   31   2
4588   67   32   1
4589   67   33   0
4590   68   0   32
4591   68   1   31
4592   68   2   30
4593   68   3   29
4594   68   4   28
4595   68   5   27
4596   68   6   26
4597   68   7   25
4598   68   8   24
4599   68   9   23
4600   68   10   22
4601   68   11   21
4602   68   12   20
4603   68   13   19
4604   68   14   18
4605   68   15   17
4606   68   16   16
4607   68   17   15
4608   68   18   14
4609   68   19   13
4610   68   20   12
4611   68   21   11
4612   68   22   10
4613   68   23   9
4614   68   24   8
4615   68   25   7
4616   68   26   6
4617   68   27   5
4618   68   28   4
4619   68   29   3
4620   68   30   2
4621   68   31   1
4622   68   32   0
4623   69   0   31
4624   69   1   30
4625   69   2   29
4626   69   3   28
4627   69   4   27
4628   69   5   26
4629   69   6   25
4630   69   7   24
4631   69   8   23
4632   69   9   22
4633   69   10   21
4634   69   11   20
4635   69   12   19
4636   69   13   18
4637   69   14   17
4638   69   15   16
4639   69   16   15
4640   69   17   14
4641   69   18   13
4642   69   19   12
4643   69   20   11
4644   69   21   10
4645   69   22   9
4646   69   23   8
4647   69   24   7
4648   69   25   6
4649   69   26   5
4650   69   27   4
4651   69   28   3
4652   69   29   2
4653   69   30   1
4654   69   31   0
4655   70   0   30
4656   70   1   29
4657   70   2   28
4658   70   3   27
4659   70   4   26
4660   70   5   25
4661   70   6   24
4662   70   7   23
4663   70   8   22
4664   70   9   21
4665   70   10   20
4666   70   11   19
4667   70   12   18
4668   70   13   17
4669   70   14   16
4670   70   15   15
4671   70   16   14
4672   70   17   13
4673   70   18   12
4674   70   19   11
4675   70   20   10
4676   70   21   9
4677   70   22   8
4678   70   23   7
4679   70   24   6
4680   70   25   5
4681   70   26   4
4682   70   27   3
4683   70   28   2
4684   70   29   1
4685   70   30   0
4686   71   0   29
4687   71   1   28
4688   71   2   27
4689   71   3   26
4690   71   4   25
4691   71   5   24
4692   71   6   23
4693   71   7   22
4694   71   8   21
4695   71   9   20
4696   71   10   19
4697   71   11   18
4698   71   12   17
4699   71   13   16
4700   71   14   15
4701   71   15   14
4702   71   16   13
4703   71   17   12
4704   71   18   11
4705   71   19   10
4706   71   20   9
4707   71   21   8
4708   71   22   7
4709   71   23   6
4710   71   24   5
4711   71   25   4
4712   71   26   3
4713   71   27   2
4714   71   28   1
4715   71   29   0
4716   72   0   28
4717   72   1   27
4718   72   2   26
4719   72   3   25
4720   72   4   24
4721   72   5   23
4722   72   6   22
4723   72   7   21
4724   72   8   20
4725   72   9   19
4726   72   10   18
4727   72   11   17
4728   72   12   16
4729   72   13   15
4730   72   14   14
4731   72   15   13
4732   72   16   12
4733   72   17   11
4734   72   18   10
4735   72   19   9
4736   72   20   8
4737   72   21   7
4738   72   22   6
4739   72   23   5
4740   72   24   4
4741   72   25   3
4742   72   26   2
4743   72   27   1
4744   72   28   0
4745   73   0   27
4746   73   1   26
4747   73   2   25
4748   73   3   24
4749   73   4   23
4750   73   5   22
4751   73   6   21
4752   73   7   20
4753   73   8   19
4754   73   9   18
4755   73   10   17
4756   73   11   16
4757   73   12   15
4758   73   13   14
4759   73   14   13
4760   73   15   12
4761   73   16   11
4762   73   17   10
4763   73   18   9
4764   73   19   8
4765   73   20   7
4766   73   21   6
4767   73   22   5
4768   73   23   4
4769   73   24   3
4770   73   25   2
4771   73   26   1
4772   73   27   0
4773   74   0   26
4774   74   1   25
4775   74   2   24
4776   74   3   23
4777   74   4   22
4778   74   5   21
4779   74   6   20
4780   74   7   19
4781   74   8   18
4782   74   9   17
4783   74   10   16
4784   74   11   15
4785   74   12   14
4786   74   13   13
4787   74   14   12
4788   74   15   11
4789   74   16   10
4790   74   17   9
4791   74   18   8
4792   74   19   7
4793   74   20   6
4794   74   21   5
4795   74   22   4
4796   74   23   3
4797   74   24   2
4798   74   25   1
4799   74   26   0
4800   75   0   25
4801   75   1   24
4802   75   2   23
4803   75   3   22
4804   75   4   21
4805   75   5   20
4806   75   6   19
4807   75   7   18
4808   75   8   17
4809   75   9   16
4810   75   10   15
4811   75   11   14
4812   75   12   13
4813   75   13   12
4814   75   14   11
4815   75   15   10
4816   75   16   9
4817   75   17   8
4818   75   18   7
4819   75   19   6
4820   75   20   5
4821   75   21   4
4822   75   22   3
4823   75   23   2
4824   75   24   1
4825   75   25   0
4826   76   0   24
4827   76   1   23
4828   76   2   22
4829   76   3   21
4830   76   4   20
4831   76   5   19
4832   76   6   18
4833   76   7   17
4834   76   8   16
4835   76   9   15
4836   76   10   14
4837   76   11   13
4838   76   12   12
4839   76   13   11
4840   76   14   10
4841   76   15   9
4842   76   16   8
4843   76   17   7
4844   76   18   6
4845   76   19   5
4846   76   20   4
4847   76   21   3
4848   76   22   2
4849   76   23   1
4850   76   24   0
4851   77   0   23
4852   77   1   22
4853   77   2   21
4854   77   3   20
4855   77   4   19
4856   77   5   18
4857   77   6   17
4858   77   7   16
4859   77   8   15
4860   77   9   14
4861   77   10   13
4862   77   11   12
4863   77   12   11
4864   77   13   10
4865   77   14   9
4866   77   15   8
4867   77   16   7
4868   77   17   6
4869   77   18   5
4870   77   19   4
4871   77   20   3
4872   77   21   2
4873   77   22   1
4874   77   23   0
4875   78   0   22
4876   78   1   21
4877   78   2   20
4878   78   3   19
4879   78   4   18
4880   78   5   17
4881   78   6   16
4882   78   7   15
4883   78   8   14
4884   78   9   13
4885   78   10   12
4886   78   11   11
4887   78   12   10
4888   78   13   9
4889   78   14   8
4890   78   15   7
4891   78   16   6
4892   78   17   5
4893   78   18   4
4894   78   19   3
4895   78   20   2
4896   78   21   1
4897   78   22   0
4898   79   0   21
4899   79   1   20
4900   79   2   19
4901   79   3   18
4902   79   4   17
4903   79   5   16
4904   79   6   15
4905   79   7   14
4906   79   8   13
4907   79   9   12
4908   79   10   11
4909   79   11   10
4910   79   12   9
4911   79   13   8
4912   79   14   7
4913   79   15   6
4914   79   16   5
4915   79   17   4
4916   79   18   3
4917   79   19   2
4918   79   20   1
4919   79   21   0
4920   80   0   20
4921   80   1   19
4922   80   2   18
4923   80   3   17
4924   80   4   16
4925   80   5   15
4926   80   6   14
4927   80   7   13
4928   80   8   12
4929   80   9   11
4930   80   10   10
4931   80   11   9
4932   80   12   8
4933   80   13   7
4934   80   14   6
4935   80   15   5
4936   80   16   4
4937   80   17   3
4938   80   18   2
4939   80   19   1
4940   80   20   0
4941   81   0   19
4942   81   1   18
4943   81   2   17
4944   81   3   16
4945   81   4   15
4946   81   5   14
4947   81   6   13
4948   81   7   12
4949   81   8   11
4950   81   9   10
4951   81   10   9
4952   81   11   8
4953   81   12   7
4954   81   13   6
4955   81   14   5
4956   81   15   4
4957   81   16   3
4958   81   17   2
4959   81   18   1
4960   81   19   0
4961   82   0   18
4962   82   1   17
4963   82   2   16
4964   82   3   15
4965   82   4   14
4966   82   5   13
4967   82   6   12
4968   82   7   11
4969   82   8   10
4970   82   9   9
4971   82   10   8
4972   82   11   7
4973   82   12   6
4974   82   13   5
4975   82   14   4
4976   82   15   3
4977   82   16   2
4978   82   17   1
4979   82   18   0
4980   83   0   17
4981   83   1   16
4982   83   2   15
4983   83   3   14
4984   83   4   13
4985   83   5   12
4986   83   6   11
4987   83   7   10
4988   83   8   9
4989   83   9   8
4990   83   10   7
4991   83   11   6
4992   83   12   5
4993   83   13   4
4994   83   14   3
4995   83   15   2
4996   83   16   1
4997   83   17   0
4998   84   0   16
4999   84   1   15
5000   84   2   14
5001   84   3   13
5002   84   4   12
5003   84   5   11
5004   84   6   10
5005   84   7   9
5006   84   8   8
5007   84   9   7
5008   84   10   6
5009   84   11   5
5010   84   12   4
5011   84   13   3
5012   84   14   2
5013   84   15   1
5014   84   16   0
5015   85   0   15
5016   85   1   14
5017   85   2   13
5018   85   3   12
5019   85   4   11
5020   85   5   10
5021   85   6   9
5022   85   7   8
5023   85   8   7
5024   85   9   6
5025   85   10   5
5026   85   11   4
5027   85   12   3
5028   85   13   2
5029   85   14   1
5030   85   15   0
5031   86   0   14
5032   86   1   13
5033   86   2   12
5034   86   3   11
5035   86   4   10
5036   86   5   9
5037   86   6   8
5038   86   7   7
5039   86   8   6
5040   86   9   5
5041   86   10   4
5042   86   11   3
5043   86   12   2
5044   86   13   1
5045   86   14   0
5046   87   0   13
5047   87   1   12
5048   87   2   11
5049   87   3   10
5050   87   4   9
5051   87   5   8
5052   87   6   7
5053   87   7   6
5054   87   8   5
5055   87   9   4
5056   87   10   3
5057   87   11   2
5058   87   12   1
5059   87   13   0
5060   88   0   12
5061   88   1   11
5062   88   2   10
5063   88   3   9
5064   88   4   8
5065   88   5   7
5066   88   6   6
5067   88   7   5
5068   88   8   4
5069   88   9   3
5070   88   10   2
5071   88   11   1
5072   88   12   0
5073   89   0   11
5074   89   1   10
5075   89   2   9
5076   89   3   8
5077   89   4   7
5078   89   5   6
5079   89   6   5
5080   89   7   4
5081   89   8   3
5082   89   9   2
5083   89   10   1
5084   89   11   0
5085   90   0   10
5086   90   1   9
5087   90   2   8
5088   90   3   7
5089   90   4   6
5090   90   5   5
5091   90   6   4
5092   90   7   3
5093   90   8   2
5094   90   9   1
5095   90   10   0
5096   91   0   9
5097   91   1   8
5098   91   2   7
5099   91   3   6
5100   91   4   5
5101   91   5   4
5102   91   6   3
5103   91   7   2
5104   91   8   1
5105   91   9   0
5106   92   0   8
5107   92   1   7
5108   92   2   6
5109   92   3   5
5110   92   4   4
5111   92   5   3
5112   92   6   2
5113   92   7   1
5114   92   8   0
5115   93   0   7
5116   93   1   6
5117   93   2   5
5118   93   3   4
5119   93   4   3
5120   93   5   2
5121   93   6   1
5122   93   7   0
5123   94   0   6
5124   94   1   5
5125   94   2   4
5126   94   3   3
5127   94   4   2
5128   94   5   1
5129   94   6   0
5130   95   0   5
5131   95   1   4
5132   95   2   3
5133   95   3   2
5134   95   4   1
5135   95   5   0
5136   96   0   4
5137   96   1   3
5138   96   2   2
5139   96   3   1
5140   96   4   0
5141   97   0   3
5142   97   1   2
5143   97   2   1
5144   97   3   0
5145   98   0   2
5146   98   1   1
5147   98   2   0
5148   99   0   1
5149   99   1   0
5150  100  0  0
